{"type":"FeatureCollection","features":[{"type":"Feature","id":0,"geometry":{"type":"Polygon","coordinates":[[[-71.869358697999985,19.427015422000125],[-71.871009907999905,19.427242549000027],[-71.872325912999827,19.42807757200012],[-71.873346137999931,19.42896172900015],[-71.874445725999976,19.430172235000157],[-71.87525231199993,19.431278412999973],[-71.87549484099992,19.4325282960001],[-71.875872188999949,19.434683170000085],[-71.876343910999935,19.436388336000107],[-71.877551940999865,19.435912684000186],[-71.878807594999842,19.43443580600001],[-71.879960738999955,19.432848856000192],[-71.880658139999923,19.430712471000049],[-71.881157285999905,19.427994988000023],[-71.880857958999911,19.426726081000083],[-71.879609968999944,19.425314510000078],[-71.879728559999933,19.424088891000054],[-71.880377717999977,19.423477155000057],[-71.879985926999893,19.422071285000072],[-71.878421848999892,19.420275140000058],[-71.877207992999899,19.418575260000068],[-71.877320817999987,19.417647456000054],[-71.877877401999967,19.416402300000073],[-71.88012804899995,19.415628581000078],[-71.880794473999913,19.413608976000035],[-71.882464287999881,19.411362928000187],[-71.88394489399991,19.408553883000025],[-71.885045835999961,19.40519671900006],[-71.884530769999969,19.402272278000169],[-71.881241982999825,19.400130612000055],[-71.878393998999968,19.398321460000091],[-71.877059797999891,19.396953452000048],[-71.874319284999899,19.394505237000089],[-71.873251719999928,19.393620295000062],[-71.871504517999881,19.391965374000165],[-71.870277548999979,19.389967342000034],[-71.869838702999914,19.389039063999974],[-71.869644684999912,19.38824135200008],[-71.870461091999971,19.387831156000061],[-71.87162468199989,19.387670694999997],[-71.872885896999946,19.387376442999994],[-71.874343889999977,19.386742621000167],[-71.874723577999987,19.386288790000151],[-71.874723480999933,19.385295778000057],[-71.873767202999886,19.384566272000086],[-71.872387527999933,19.3845876580001],[-71.870982244999936,19.384951627000078],[-71.867763680999985,19.385627286000158],[-71.86487705899998,19.385360912000124],[-71.862713674999952,19.384086904000071],[-71.861737923999954,19.382887534000133],[-71.861901486999898,19.381798174000039],[-71.861872776999917,19.380317247000164],[-71.860941654999976,19.37877561300013],[-71.85899711199994,19.37800189799998],[-71.85792284799993,19.37698130900003],[-71.857481673999871,19.375186412999994],[-71.857250982999972,19.37333198000016],[-71.857439801999931,19.371421535000081],[-71.85718940299995,19.369106407000004],[-71.856205239999952,19.366859821000105],[-71.855563482999969,19.365612059000057],[-71.854496242999858,19.364230591000023],[-71.852749434999907,19.363568460000181],[-71.850562866999837,19.362528684000154],[-71.849248784999986,19.36162132200019],[-71.849520465999831,19.360849718000111],[-71.849722033999967,19.360257484000158],[-71.849656568999876,19.359705660000145],[-71.849582656999985,19.359099630999992],[-71.849161694999964,19.358731261000059],[-71.848636905999911,19.35811625000008],[-71.848622288999934,19.358099120000077],[-71.847823816999949,19.358076263000044],[-71.846872560999941,19.358086854000135],[-71.84620050399991,19.35792169399997],[-71.845493029999943,19.357620638000128],[-71.844921902999943,19.357150294000121],[-71.84431352799993,19.356643293000161],[-71.843761564999909,19.357157333000089],[-71.843740879999984,19.357167323000169],[-71.842715146999922,19.357662701000152],[-71.841807311999958,19.357890612000062],[-71.841300760999957,19.358017278999966],[-71.840190368999856,19.357898636000016],[-71.839418262999914,19.357497163000119],[-71.838434563999954,19.357218266000018],[-71.837492893999865,19.356732527000077],[-71.836947810999959,19.355901627000094],[-71.836810966999906,19.355104896000171],[-71.836041605999867,19.35404185800013],[-71.835931008999864,19.353889045000187],[-71.835250037999913,19.353200263000019],[-71.834849126999984,19.352787091000152],[-71.834765183999934,19.352207872000065],[-71.834504976999824,19.351399971000092],[-71.833757736999985,19.350204561000169],[-71.833325262999892,19.349456836000002],[-71.833086977999983,19.348992342000145],[-71.832939720999889,19.347753132000094],[-71.832550498999922,19.347222838999983],[-71.832199203999892,19.346702231000108],[-71.831884885999841,19.346236323000085],[-71.832078396999975,19.345571776999975],[-71.832660447999956,19.344977074000099],[-71.834576625999887,19.344730639000034],[-71.835273930999961,19.344571203000157],[-71.835613326999976,19.343737629000088],[-71.833762349999915,19.342577183000003],[-71.833273596999902,19.34227980300011],[-71.83273047099982,19.341846105999991],[-71.832217023999988,19.341349752000156],[-71.831894367999894,19.340820618000066],[-71.831332724999982,19.340359521000039],[-71.830588560999956,19.33999451800014],[-71.829713110999933,19.340024400000118],[-71.829221583999924,19.339871447000121],[-71.828644886999882,19.339698871000053],[-71.82811014299989,19.339319456000055],[-71.82726868799989,19.338086292000128],[-71.826918648999879,19.337502437000069],[-71.826367563999952,19.336987365000084],[-71.825553599999921,19.336296151000113],[-71.824806443999933,19.335597164999967],[-71.82472957899995,19.335510632000023],[-71.824415527999975,19.335157079000169],[-71.8235312139999,19.334175845000175],[-71.822877158999972,19.333577656000159],[-71.822301584999877,19.332854583000085],[-71.822084669999981,19.332273044000033],[-71.821615813999983,19.331930863000025],[-71.820801494999841,19.331754209000167],[-71.820116951999978,19.331751284000177],[-71.819650200999888,19.331300841000143],[-71.819211283999891,19.330886980000059],[-71.818616580999958,19.330388187000096],[-71.818518890999883,19.330306251000081],[-71.817890076999902,19.329880047000188],[-71.81751866899998,19.329422240000042],[-71.817433738999966,19.328897152000138],[-71.816257906999965,19.32873221300008],[-71.815508679999937,19.328628872000138],[-71.815143964999891,19.328315571000019],[-71.814438962999986,19.327897049000057],[-71.814065564999908,19.327538472000128],[-71.813512843999945,19.326749017000111],[-71.813464149999902,19.326679467000019],[-71.813064754999971,19.326194090999991],[-71.812786788999972,19.325819133000095],[-71.812595335999958,19.325557079000077],[-71.812499610999964,19.325426054000161],[-71.812120417999836,19.324877766999975],[-71.811694952999972,19.324265590000039],[-71.811455606999971,19.323367794000035],[-71.811480937999931,19.322555849000082],[-71.811006503999863,19.32201501000003],[-71.810000159999902,19.32144672000004],[-71.80958859499998,19.321096583000156],[-71.809205562999978,19.320746855000152],[-71.808841402999974,19.320406481000077],[-71.80869153499998,19.319799125000088],[-71.808280137999986,19.318952462000084],[-71.808007454999881,19.318306765000045],[-71.807534271999884,19.317702770000096],[-71.807137195999985,19.31710001700003],[-71.806823270999928,19.316616129000124],[-71.806995039999947,19.315608215000054],[-71.807276509999951,19.313356569999996],[-71.808106046999967,19.312251788000083],[-71.806427594999889,19.311048937000123],[-71.805987522999885,19.310210793000067],[-71.80548196899997,19.309317356000122],[-71.804318866999949,19.310461401000168],[-71.80306313799997,19.310989968000115],[-71.802195839999968,19.311588600999983],[-71.801588917999936,19.311505668000166],[-71.800758926999833,19.311166224000146],[-71.799808257999928,19.310671153000101],[-71.798949750999952,19.310331110000163],[-71.798110213999962,19.309991397000033],[-71.797442292999961,19.309627623000097],[-71.796864962999962,19.309491138999988],[-71.795935490999966,19.308400629000005],[-71.795783950999976,19.30690866600014],[-71.795970989999887,19.305115731000001],[-71.795212110999898,19.303567883000028],[-71.793239934999974,19.301348856000175],[-71.790665722999961,19.299778094000089],[-71.78966892699998,19.298731591999967],[-71.789058520999959,19.296401130000049],[-71.788784660999909,19.295331162000025],[-71.787790930999961,19.293643796000026],[-71.787413821999905,19.292996335000169],[-71.787336778999929,19.291586815000073],[-71.786498845999972,19.290200085000095],[-71.784935108999889,19.289468549000162],[-71.783406439999908,19.288403538000068],[-71.782955644999902,19.287637364999966],[-71.781149223999932,19.288138127000025],[-71.781183544999919,19.287353436000046],[-71.781535899999938,19.286836058000006],[-71.781922901999906,19.286490934000085],[-71.782479187999911,19.286176500000181],[-71.782480431999943,19.286175796999999],[-71.782867882999938,19.285803515000111],[-71.783007860999987,19.284966537000173],[-71.782476928999984,19.284406602999979],[-71.781449308999981,19.283973275000051],[-71.780942750999884,19.283630351000056],[-71.780316607999964,19.283077756000125],[-71.779835753999976,19.282879673000139],[-71.779052183999966,19.282116738000184],[-71.778474499999959,19.281519782000146],[-71.77817285999987,19.281215232000022],[-71.778092329999936,19.28113392500012],[-71.777549501999886,19.280788201999997],[-71.777538403999927,19.280781133000062],[-71.776561502999925,19.280673643000057],[-71.775723937999942,19.280243642000073],[-71.775287562999949,19.279712435000079],[-71.774746132999951,19.279206444000067],[-71.774710811999853,19.279190934000042],[-71.77403932999988,19.278896063000047],[-71.773738237999851,19.278726504000133],[-71.773211968999988,19.278430137000043],[-71.772907497999938,19.278552279000053],[-71.772608463999973,19.278672239000173],[-71.772502748999955,19.27861327700009],[-71.772157139999933,19.278420514000061],[-71.771743638999908,19.278178571000183],[-71.771162278999952,19.277771132000169],[-71.770553817999883,19.277778418000025],[-71.770002498999929,19.277777689000061],[-71.769478637999839,19.277831590000176],[-71.768975410999928,19.277804636000099],[-71.768311502999893,19.277729716000067],[-71.767670357999975,19.27746559600007],[-71.766947727999934,19.276992473999996],[-71.766520771999978,19.276470442000175],[-71.766054718999953,19.275956886000131],[-71.766046259999882,19.275947564999967],[-71.765435862999936,19.275912911000148],[-71.765353133999895,19.275908214000026],[-71.764859379999905,19.276368816000115],[-71.76408104699982,19.276309902000037],[-71.763494552999873,19.276651450000031],[-71.762913732999948,19.276704413000061],[-71.762162145999923,19.276736207000056],[-71.76145041299992,19.276678462000177],[-71.760933302999945,19.276389448000032],[-71.76035109299994,19.27602708500018],[-71.759877392999897,19.275468113000102],[-71.75926912299991,19.275466342000072],[-71.758549293999977,19.276302018000081],[-71.757821610999883,19.276568846000146],[-71.757657407999886,19.277667151000173],[-71.757106411999871,19.278135736000138],[-71.755487579999965,19.278765918000033],[-71.753064756999947,19.279679581000039],[-71.754858010999897,19.280325200999982],[-71.755206923999935,19.281432621000135],[-71.754811577999988,19.282680221000135],[-71.754321612999945,19.282942234000075],[-71.753802846999918,19.283221871000023],[-71.753402095999888,19.28426181399999],[-71.75341619999989,19.284993111000063],[-71.753665789999957,19.286315346000094],[-71.753647986999965,19.287217714000178],[-71.753264583999965,19.288339091000125],[-71.754233072999966,19.289358271000083],[-71.755135533999976,19.289870741000016],[-71.755869255999983,19.290262891000168],[-71.756190858999958,19.290828196999996],[-71.756464721999976,19.291401678000113],[-71.757976718999942,19.291374405999989],[-71.758631939999987,19.290925724000033],[-71.759763101999965,19.290927765999982],[-71.760493223999958,19.29102194800015],[-71.761090891999856,19.291565077000087],[-71.761110306999967,19.292991604000065],[-71.760767999999985,19.294447716000093],[-71.760311687999945,19.295892868000124],[-71.757754084999988,19.297363758000131],[-71.756169273999944,19.297705663000102],[-71.756094730999905,19.29907627900019],[-71.75634884699997,19.299685597000121],[-71.756576121999956,19.300213129999975],[-71.757232325999894,19.301163491000011],[-71.758149802999981,19.300918011000135],[-71.759194168999954,19.301469177999991],[-71.759824713999876,19.302274689000114],[-71.75906294999993,19.302820743000041],[-71.759118454999907,19.303381318000106],[-71.759531275999962,19.303659469000138],[-71.761573259999977,19.303758912000092],[-71.762088202999962,19.304643583000029],[-71.762587419999932,19.304878142000177],[-71.762903109999968,19.304296994000026],[-71.762971387999926,19.303242194000177],[-71.763222561999839,19.30303900500013],[-71.764274489999934,19.303689548000023],[-71.764501263999932,19.304244138999991],[-71.763867160999951,19.305063294000036],[-71.762957575999963,19.306355928000016],[-71.762576492999926,19.306881680000004],[-71.762715728999979,19.307534073999989],[-71.764499484999988,19.308197520000192],[-71.765096903999847,19.309724550000055],[-71.765440197999908,19.310154868000154],[-71.765409432999945,19.310750011000096],[-71.765431811999917,19.311544719000096],[-71.76596967699993,19.311752794000029],[-71.766498689999935,19.311924704000035],[-71.766506512999968,19.313459231000081],[-71.766459871999984,19.314379144000043],[-71.766765878999934,19.314772613000002],[-71.767445570999939,19.315985160000082],[-71.767347203999975,19.316633340000067],[-71.768056350999927,19.316835424999965],[-71.76916102499996,19.31722509399998],[-71.769713265999883,19.317668137000169],[-71.769788202999962,19.318211010000027],[-71.769093272999839,19.319218700000079],[-71.768687266999905,19.320041909999986],[-71.769508056999939,19.320850776000157],[-71.770682061999935,19.320618815000046],[-71.770965301999922,19.320532705000005],[-71.771523796999929,19.320362913000167],[-71.772875533999979,19.320278565000137],[-71.773764926999945,19.320501962000037],[-71.773969955999917,19.321678926000061],[-71.77426216799995,19.322776305000048],[-71.775416599999971,19.323058533000108],[-71.776372477999928,19.323283006000111],[-71.776733987999933,19.323758754000039],[-71.776559630999884,19.325858777000178],[-71.776732866999907,19.326719329000127],[-71.777181488999986,19.327115400000139],[-71.778076259999978,19.328033836000088],[-71.779148260999989,19.329126955000049],[-71.780193768999936,19.329632840000045],[-71.781375017999949,19.329518261000089],[-71.782786837999879,19.329768900000147],[-71.784780422999972,19.330905340000186],[-71.785335384999883,19.330725533000134],[-71.785728823999932,19.331030370000065],[-71.785827848999986,19.331799366000098],[-71.787125196999909,19.333040723000011],[-71.7883369729999,19.333314867000126],[-71.789471585999934,19.333641791000048],[-71.790816255999971,19.333439790000114],[-71.791709028999946,19.333491616000117],[-71.792133271999944,19.33416707400005],[-71.794230580999965,19.334375467000143],[-71.795578299999988,19.334507569000095],[-71.797212335999916,19.334581435000132],[-71.798489564999898,19.334910723000007],[-71.798617378999893,19.33518379200018],[-71.799006025999915,19.335732180000036],[-71.798988444999964,19.336147084999993],[-71.798847074999912,19.336568837000073],[-71.798575501999892,19.33684391100013],[-71.798321312999917,19.337200509000127],[-71.798562123999943,19.337529620999987],[-71.798978974999898,19.337609236000105],[-71.799207053999965,19.338100654000073],[-71.7994901859999,19.338213924000058],[-71.800091511999938,19.338098150000064],[-71.800668160999976,19.338270723000051],[-71.801230399999952,19.338695814000118],[-71.801668050999979,19.339172863999977],[-71.801875058999883,19.339772293000124],[-71.803188842999987,19.340670917000011],[-71.80326802299993,19.341484688000151],[-71.803519290999873,19.341768858000023],[-71.803676450999887,19.341997319000029],[-71.80387223699995,19.342199294000125],[-71.80407451699989,19.342554889000155],[-71.804227284999911,19.343008884000142],[-71.804483820999906,19.343509821999987],[-71.804814461999911,19.34411142100015],[-71.804840351999928,19.344734652999989],[-71.804729804999909,19.345039635000035],[-71.804704602999891,19.345355138000116],[-71.80502287999991,19.345613410000169],[-71.805326053999977,19.345672878000073],[-71.805882353999891,19.346404778000078],[-71.805899464999982,19.346991758000172],[-71.80584616099992,19.347288721000098],[-71.805490726999835,19.347959498000137],[-71.805219064999903,19.348234488000116],[-71.804984266999952,19.348573386000112],[-71.805015253999841,19.348934999000107],[-71.805854111999963,19.349807227000156],[-71.80629689299991,19.350510062000126],[-71.806545014999926,19.350956705000044],[-71.806720005999921,19.351248558999998],[-71.806717891999938,19.351844317000086],[-71.806743609999955,19.352476571000011],[-71.806737106999947,19.352810452000028],[-71.80705170899995,19.353258262000111],[-71.807404863999921,19.353192263000096],[-71.808026525999935,19.35301356400015],[-71.808320676999926,19.35304579700005],[-71.808523329999844,19.35338334700009],[-71.808303636999938,19.353921052000089],[-71.80811827399998,19.354161552000107],[-71.808112123999933,19.354477390999989],[-71.808383091999872,19.354725805000157],[-71.80839380599997,19.355150234000178],[-71.808169717999988,19.355426152000064],[-71.808133802999919,19.355804640000144],[-71.808289301999935,19.356123315000104],[-71.809076585999946,19.356227368000134],[-71.809415519999959,19.356404777000137],[-71.809639782999909,19.35660733900005],[-71.81019771299998,19.356770538000148],[-71.810335043999885,19.357043770000189],[-71.810082596999962,19.357310079000115],[-71.809650578999936,19.35751918200009],[-71.810201838999888,19.358025284000007],[-71.810617522999905,19.358167938999998],[-71.810850652999932,19.358406753000054],[-71.810900445999948,19.358777720000091],[-71.811353804999897,19.358939083000053],[-71.811640413999896,19.358871910000062],[-71.812044151999942,19.358653283000024],[-71.812258224999937,19.358404348000136],[-71.812435427999958,19.358091505000061],[-71.812964643999976,19.357775803999971],[-71.813324136999938,19.357872345999965],[-71.813498873999947,19.358182330000034],[-71.813449718999948,19.358750194000152],[-71.813079872999822,19.35918600600013],[-71.813302995999891,19.35945162500019],[-71.81392970099995,19.359498701000177],[-71.814315180999984,19.359731154000144],[-71.814546310999901,19.360069198000019],[-71.814529108999977,19.360465976000171],[-71.814187268999945,19.360929445000068],[-71.813790110999946,19.361301519000108],[-71.813864761999923,19.361862526000095],[-71.814308308999955,19.362529173999974],[-71.814406926999936,19.362837825000042],[-71.814619262999827,19.363166516000149],[-71.815052535999882,19.363381667999988],[-71.815051750999885,19.36391428100012],[-71.814788680999982,19.364234556000042],[-71.814722397999901,19.365199289000032],[-71.815341472999876,19.365155893000178],[-71.815605867999921,19.364763444000118],[-71.815944651999985,19.364949865000028],[-71.816155941999966,19.365332684000123],[-71.81651792599996,19.365790337000078],[-71.817008457999975,19.365997462000109],[-71.817356730999904,19.366184138000051],[-71.817864914999973,19.366463766000095],[-71.818641170999967,19.366161487000056],[-71.818970921999892,19.366320672000029],[-71.819038559999967,19.366755124000065],[-71.819211309999901,19.367164341000091],[-71.819147678999968,19.367993666000075],[-71.819179569999847,19.368310172000122],[-71.819814301999941,19.368438593000178],[-71.820289228999911,19.36896138700007],[-71.820279244999881,19.369475702000102],[-71.820253115999947,19.370332758000131],[-71.820581123999887,19.370582246000026],[-71.820929937999892,19.37074176200008],[-71.821062364999932,19.370780176000039],[-71.821469226999909,19.370886649000056],[-71.821886881999944,19.370930047999991],[-71.822210310999878,19.370926675000192],[-71.82279439399997,19.371216644000071],[-71.823151822999989,19.37142151900008],[-71.823529530999963,19.371563487000117],[-71.823655832999918,19.371917741999994],[-71.823603454999954,19.372657022000055],[-71.823594528999934,19.373117210000146],[-71.82405340299988,19.373486298000103],[-71.824764736999953,19.373588968000092],[-71.825049271999944,19.373630036000122],[-71.825348485999939,19.373896973000058],[-71.825387776999946,19.374321905000045],[-71.82519925999992,19.374724810000089],[-71.824878485999932,19.375080281000123],[-71.824795608999978,19.375430882000103],[-71.825094997999884,19.375688890000106],[-71.825633960999824,19.375851718999968],[-71.826036720999923,19.376174702000185],[-71.825799909999944,19.376612862000172],[-71.826061278999987,19.376870114000155],[-71.826698674999989,19.376863192000087],[-71.827026006999972,19.377148759000022],[-71.826965200999837,19.377833746000135],[-71.82642277399998,19.378338769000095],[-71.826280893999979,19.378787611000064],[-71.826431372999878,19.37936790200007],[-71.826794463999988,19.379771414000061],[-71.827330194999945,19.380105739999976],[-71.827786562999961,19.381584985000075],[-71.827465952999944,19.381931438000038],[-71.826839542999835,19.382353773000091],[-71.826567668999985,19.382637903000159],[-71.826548733999914,19.383124990000056],[-71.826633695999931,19.383649989000048],[-71.826800313999968,19.383887629000185],[-71.827319026999987,19.384113276000107],[-71.828259793999905,19.383181934000163],[-71.828640026999949,19.383685013000104],[-71.829027776999965,19.383800164000149],[-71.82992296499998,19.383743495000147],[-71.830163197999923,19.384108760000061],[-71.830226145999973,19.384786883000174],[-71.830426255999953,19.385259743000006],[-71.830675454999948,19.385652238000091],[-71.831129610999881,19.385777478000136],[-71.831795006999869,19.385310686000082],[-71.832238330999928,19.385995441000148],[-71.832305480999935,19.386456958000053],[-71.832431636999956,19.38682014200009],[-71.832033095999918,19.387752025000168],[-71.831652774999895,19.388232813000172],[-71.831585110999981,19.38878222500017],[-71.831611081999938,19.389405556000099],[-71.831822960999943,19.389761211000121],[-71.832615282999882,19.390109027000165],[-71.833802948999903,19.39067129600005],[-71.833901788999924,19.390970921000076],[-71.83413212399995,19.391354060000026],[-71.834659293999891,19.391643100000181],[-71.835033801999884,19.39244397300007],[-71.835104102999935,19.392743011000107],[-71.835732313999927,19.393214301000057],[-71.836257320999948,19.393611595000039],[-71.83656177599994,19.394591739000134],[-71.836260555999957,19.394920495000179],[-71.836652418999961,19.395315468999968],[-71.837046203999932,19.395611206000012],[-71.837890071999936,19.396248689000117],[-71.838368232999983,19.397592933000112],[-71.83862364099997,19.398157087000072],[-71.839219231999948,19.398844393000104],[-71.839515397999946,19.398777350000159],[-71.840461654999899,19.399037570000189],[-71.840248152999948,19.399746895000192],[-71.840315324999892,19.400208412000097],[-71.840596501999983,19.40042998600012],[-71.841519631999972,19.400409945000149],[-71.842102129999944,19.400293730000044],[-71.842608388999906,19.40018512100005],[-71.844934439999975,19.400424180000186],[-71.844898050999973,19.401326198000049],[-71.844981941999833,19.402401775000101],[-71.846695415999932,19.402837740000052],[-71.84764449599993,19.402953581000133],[-71.84783406199989,19.403480395000031],[-71.847709092999878,19.404534297000168],[-71.84811884599992,19.4049927370001],[-71.848474640999882,19.40528779400006],[-71.849338374999945,19.406376997000052],[-71.850386532999892,19.406783245999975],[-71.850600460999942,19.407039741000176],[-71.85122320399995,19.4073033250001],[-71.851869038999894,19.407496031999983],[-71.852443438999899,19.407667424000124],[-71.852717858999881,19.407744470000125],[-71.853488030999927,19.407766845000083],[-71.853554142999883,19.406802071000016],[-71.85354471799991,19.406305456999974],[-71.853718675999914,19.405667624000046],[-71.854728114999944,19.406109367999989],[-71.856809890999955,19.407679902000098],[-71.857838249999986,19.409611407000114],[-71.859210248999887,19.41148559200002],[-71.859448677999978,19.411950072000081],[-71.859639581999886,19.412413729000036],[-71.859320172999844,19.412697086000094],[-71.858829560999936,19.412977480000052],[-71.858555593999881,19.413369919000104],[-71.859050989999957,19.414326274000075],[-71.859717517999854,19.415285592000032],[-71.859503791999941,19.416013081000131],[-71.859157885999934,19.417180498000164],[-71.858231126999954,19.419358016000047],[-71.856170807999945,19.420125626000129],[-71.855149719999986,19.420288517000188],[-71.854221253999924,19.420579353999983],[-71.853428590999954,19.421224506000101],[-71.853351403999966,19.42227030700019],[-71.85306061499989,19.423041481000041],[-71.853191901999935,19.424126998000077],[-71.854717693999987,19.424442339000166],[-71.855745181999964,19.424938552000071],[-71.857345095999847,19.425850882000077],[-71.8592448899999,19.426506585000084],[-71.861309550999863,19.427002675000097],[-71.863635349999925,19.427277638000191],[-71.865361454999913,19.427072738999982],[-71.866831379999951,19.426827389000152],[-71.869358697999985,19.427015422000125]]]},"properties":{"FID":0,"adm2_name":"Carice","adm2_name1":"Carice","adm2_name2":" ","adm2_name3":" ","adm2_pcode":"HT0442","adm1_name":"North-East","adm1_name1":"Nord-Est","adm1_name2":"Nòdès","adm1_name3":" ","adm1_pcode":"HT04","adm0_name":"Haiti","adm0_name1":"Haïti","adm0_name2":"Ayiti","adm0_name3":" ","adm0_pcode":"HT","valid_on":1543449600000,"valid_to":null,"area_sqkm":56.217128969999997,"version":"v01","lang":"en","lang1":"fr","lang2":"ht","lang3":" ","adm2_ref_n":"Carice","center_lat":19.35601247,"center_lon":-71.822627870000005}},{"type":"Feature","id":1,"geometry":{"type":"Polygon","coordinates":[[[-71.792692910999904,19.694925662000173],[-71.792190054999935,19.699113791000059],[-71.790860072999976,19.708928352000044],[-71.796947364999937,19.71003018100015],[-71.801560863999839,19.710482574000025],[-71.80581022399997,19.711515206000001],[-71.816494262999981,19.712969005000161],[-71.835832305999872,19.714466841999979],[-71.844189927999935,19.712114009999993],[-71.844316886999934,19.710987914999976],[-71.842676625999957,19.709578010000143],[-71.841975580999929,19.707904795000161],[-71.842069936999962,19.706498281000165],[-71.842972547999921,19.705187314000113],[-71.842864789999965,19.704851510000026],[-71.841957043999912,19.704483475000075],[-71.841609891999894,19.703231713000037],[-71.839920344999882,19.701911169000027],[-71.839712709999958,19.699867531000052],[-71.842372327999897,19.698379872000146],[-71.841681946999984,19.696165292000046],[-71.840857732999893,19.693975425000133],[-71.84095359499986,19.691034506000108],[-71.840428608999957,19.690591994000044],[-71.840792419999843,19.689533336000068],[-71.841600008999876,19.688690053000187],[-71.840954569999951,19.687586454999973],[-71.840065122999988,19.687263957000141],[-71.839408293999895,19.687225222000052],[-71.839257069999974,19.687646797000184],[-71.837471419999929,19.688797797000007],[-71.836567430999935,19.689215120000028],[-71.835786963999851,19.688677845000029],[-71.835326820999967,19.687848324000072],[-71.836110013999928,19.687275462000116],[-71.8352272489999,19.686609950000104],[-71.834216345999835,19.687133668000115],[-71.833770621999975,19.687992326000085],[-71.83299327799989,19.688267475000032],[-71.831757853999989,19.688092243000085],[-71.830397043999938,19.687508509000111],[-71.830070511999907,19.686184906000108],[-71.829660945999933,19.684724471000152],[-71.829443725999909,19.684142980000104],[-71.82873293099982,19.683940814000039],[-71.827622414999951,19.683235238000123],[-71.826820741999938,19.684259045000033],[-71.826183555999933,19.684193627000127],[-71.824799833999975,19.682842291000043],[-71.823925697999982,19.683196907000081],[-71.823550155999897,19.682910413000172],[-71.823190285999942,19.681829873000083],[-71.823309851999909,19.681082878000041],[-71.823066094999888,19.680879937000043],[-71.822300983999924,19.681985678000103],[-71.821701516999951,19.682426367000062],[-71.82065573999995,19.681333671000061],[-71.820207000999858,19.681379955000182],[-71.819525431999864,19.682595364999997],[-71.81928999899992,19.683899989000167],[-71.818775147999872,19.684396402999994],[-71.818307538999989,19.683945828000105],[-71.816384948999882,19.681420470999967],[-71.816172297999969,19.680125952000083],[-71.815585730999942,19.679429516000027],[-71.813539279999986,19.679311968000036],[-71.810059849999959,19.675531337000166],[-71.810878309999907,19.671249426000145],[-71.811881558999971,19.671113835000028],[-71.814368803999969,19.672060603000034],[-71.815680615999952,19.67318511600007],[-71.816329115999963,19.673160433000078],[-71.817105024999876,19.67343599000003],[-71.817418707999877,19.672990246000097],[-71.818482280999888,19.672693160000051],[-71.818218269999988,19.671587332000058],[-71.817154168999934,19.671911480000063],[-71.816475326999921,19.671547404000137],[-71.815043621999962,19.671666395000102],[-71.814630026999907,19.671379212000033],[-71.813641445999906,19.670296618000179],[-71.812439133999987,19.669417785000007],[-71.810537949999912,19.669672884000079],[-71.810457680999946,19.66891323800013],[-71.81183608799995,19.667150554000102],[-71.813976762999971,19.66731489600005],[-71.815434723999886,19.668270448000044],[-71.816156360999969,19.668400563000091],[-71.816019675999939,19.667603819000021],[-71.816357656999969,19.667375181000125],[-71.81682914299995,19.667627198000105],[-71.816759533999971,19.668736225000146],[-71.81705759599987,19.669084525000187],[-71.817567046999898,19.668858834000048],[-71.817892064999967,19.667357263000099],[-71.818744932999948,19.6675979850001],[-71.818684564999899,19.668725228000028],[-71.819091570999944,19.669346186000041],[-71.820275248999906,19.667787624000084],[-71.820276933999935,19.666253155000049],[-71.819887299999948,19.666201132000083],[-71.818014308999977,19.666474865000055],[-71.818016389999968,19.665888140000106],[-71.818791673999897,19.665712367000026],[-71.818480957999952,19.66456050000005],[-71.817893414999901,19.664396675999967],[-71.817800755999883,19.663781198000038],[-71.817199969999933,19.663806737000129],[-71.816291515999978,19.664936901000033],[-71.815875613999935,19.664767089000179],[-71.815589813999907,19.663317769000173],[-71.81610222199987,19.662460340000166],[-71.817298969999854,19.662653108000143],[-71.818180200999848,19.661937574000092],[-71.819226278999963,19.662037325000085],[-71.819692491999831,19.661106871000186],[-71.819462185999953,19.660705630000109],[-71.819300212999963,19.659258596000143],[-71.819098854999936,19.658839820000082],[-71.818669543999988,19.658868313000085],[-71.817417622999983,19.659541187000116],[-71.816253941999889,19.659123401000045],[-71.815536145999943,19.659282136000115],[-71.815703255999892,19.658057521000103],[-71.816403564999916,19.657817255000168],[-71.816836437999939,19.657608253999967],[-71.816785753999909,19.657282389000102],[-71.816374326999892,19.656886961000112],[-71.816348529999971,19.656263735000039],[-71.817030458999909,19.655986952000148],[-71.818342326999925,19.656136626000091],[-71.818933792999928,19.655614484000068],[-71.818672961999937,19.654833592000102],[-71.817588517999923,19.654263808000053],[-71.817799389999948,19.652751184000124],[-71.816178625999953,19.651837902000011],[-71.816693478999923,19.650854079000055],[-71.818322572999989,19.65037748400016],[-71.819380357999933,19.648915949000127],[-71.822021165999956,19.647861433999992],[-71.823204051999937,19.648270490000073],[-71.824741826999968,19.648559470000009],[-71.825234414999898,19.649669331000098],[-71.825237688999891,19.650472739000122],[-71.824282683999911,19.65106960900016],[-71.822722306999879,19.651926590000073],[-71.822570731999861,19.652366283000163],[-71.824083932999827,19.653422001000081],[-71.825535459999912,19.653736528000081],[-71.825721020999936,19.65495828000013],[-71.825281232999941,19.655519224000159],[-71.825107185999912,19.656617303000132],[-71.827729639999916,19.658920281000121],[-71.827652029999911,19.66044430400018],[-71.825921436999977,19.661713507000115],[-71.825726347999989,19.661944783000081],[-71.825881016999915,19.662317606999977],[-71.826855807999948,19.662650689000031],[-71.830256120999877,19.663685650000104],[-71.83164109899991,19.665452168999991],[-71.832545768999978,19.665964564000035],[-71.833859876999895,19.666005792000078],[-71.834893387999898,19.666267763000178],[-71.838247315999922,19.668700744000148],[-71.839575474999947,19.669969778000166],[-71.840997163999987,19.671330696000098],[-71.841713569999854,19.673184658000025],[-71.841682651999974,19.674276347000045],[-71.840687340999921,19.675468381000087],[-71.840873579999879,19.675688247000153],[-71.84219771699992,19.675711550000017],[-71.842800890999911,19.673619004000102],[-71.845475466999972,19.671346279999966],[-71.846704176999935,19.669427146000032],[-71.851180449999958,19.66905440000005],[-71.853577850999898,19.668275018000088],[-71.855527460999895,19.669446544000039],[-71.857092884999929,19.671261187000141],[-71.858761363999974,19.671218196000041],[-71.859297881999964,19.670577722000189],[-71.859653140999967,19.669464614999981],[-71.860347389999902,19.668556067000168],[-71.861642901999915,19.668578719000038],[-71.862085384999943,19.669832122000116],[-71.862550194999926,19.669939518000149],[-71.862887249999915,19.669755890000033],[-71.863473650999936,19.669982729000083],[-71.865053164999892,19.669613144000095],[-71.865730030999941,19.668126601000154],[-71.865783622999857,19.666349228000058],[-71.867045382999891,19.665658212000096],[-71.867964259999894,19.66593595900008],[-71.870662861999961,19.66485474600006],[-71.872438797999905,19.664669006000111],[-71.874503751999896,19.662845510000068],[-71.875907164999944,19.662707486000045],[-71.876405200999841,19.661100363000173],[-71.876957207999965,19.660640588000092],[-71.878680955999926,19.660688604000143],[-71.884782063999978,19.664486398000122],[-71.885304410999936,19.665560653999989],[-71.885243204999938,19.666263616000094],[-71.8844665499999,19.666511949000096],[-71.88418810099995,19.667111958000135],[-71.884465664999937,19.667541029000176],[-71.885152441999878,19.667507731000114],[-71.888301716999877,19.66874486200004],[-71.888684966999961,19.670114520000027],[-71.88831141199995,19.671200316000181],[-71.888763006999966,19.671993482000062],[-71.889229845999921,19.672001573000102],[-71.89142161299992,19.671010442000068],[-71.892645859999959,19.670778943000016],[-71.892636665999987,19.666806957000006],[-71.892660649999925,19.662600988000065],[-71.892741372999978,19.660390758000176],[-71.892845329999943,19.657467968000105],[-71.894012050999947,19.652794234000112],[-71.892369877999954,19.64950714500003],[-71.892266828999936,19.647438224000155],[-71.893175529999894,19.644285584000102],[-71.894742389999976,19.641586524000047],[-71.895949980999944,19.639729848000059],[-71.898145483999883,19.637529125000128],[-71.897839610999881,19.634608177000075],[-71.898978033999924,19.632380166000189],[-71.900789129999964,19.630344235000052],[-71.901178206999987,19.625458354000159],[-71.899557205999884,19.622559957000078],[-71.896981964999895,19.619744278999974],[-71.896210154999892,19.617275653000036],[-71.894499750999955,19.61556715100005],[-71.894146784999975,19.613611324000146],[-71.896551881999926,19.613372957000024],[-71.89903196399996,19.610716721000188],[-71.901728357999957,19.608695999000133],[-71.903837802999988,19.607477559000017],[-71.90511855799997,19.60625387000016],[-71.905990225999972,19.605005090000191],[-71.906566196999961,19.603281833000153],[-71.906557123999903,19.602261676000069],[-71.906399519999923,19.601040325000156],[-71.905623296999977,19.599790297000084],[-71.904818237999905,19.598557819000121],[-71.903699055999937,19.597310913000115],[-71.901253592999922,19.594199739000089],[-71.900394197999958,19.592821914000069],[-71.89909825899997,19.590867822000007],[-71.898144696999907,19.589434220000044],[-71.89682522999982,19.587714450000078],[-71.89551199999994,19.586166345000152],[-71.895087010999987,19.584489053000084],[-71.89466601099997,19.582604166000181],[-71.895142688999954,19.581086900000059],[-71.895941569999877,19.579656316000182],[-71.897218742999939,19.578613189000123],[-71.898475101999907,19.577163389000077],[-71.899732643999926,19.576146977000178],[-71.899701920999973,19.575261823999995],[-71.899018483999896,19.574148753000031],[-71.897559754999918,19.572742568000137],[-71.896095529999911,19.571128616000181],[-71.894898246999958,19.570494213000131],[-71.893807522999964,19.569762275000187],[-71.892079426999885,19.569994306000069],[-71.891180875999964,19.569671877000133],[-71.890713865999885,19.568697981000014],[-71.889908557999945,19.566996077000113],[-71.888612630999944,19.565547518000074],[-71.886761725999918,19.563746248000029],[-71.885100526999963,19.561984429000006],[-71.883859399999949,19.560663140000031],[-71.883753175999857,19.559253158000104],[-71.883958538999877,19.557487474000027],[-71.884128341999883,19.556578717000036],[-71.884561767999969,19.555827935000082],[-71.884530367999957,19.554491443000188],[-71.884045742999888,19.553444944000034],[-71.883530376999886,19.552515328000027],[-71.883039594999957,19.55179379599997],[-71.882892485999946,19.551023962000045],[-71.883448468999973,19.550338473000124],[-71.885285426999985,19.549386301000027],[-71.8862795739999,19.548690313000179],[-71.886271445999853,19.547625057000118],[-71.885690271999977,19.547145645000057],[-71.884979680999891,19.546961818000057],[-71.883912910999925,19.54697950100018],[-71.882729506999965,19.547121601000015],[-71.882673795999892,19.546551892000082],[-71.883547790999899,19.545664321000061],[-71.884824520999928,19.545126732000085],[-71.88662114199991,19.544787622999991],[-71.888054260999922,19.544532478000122],[-71.889773790999982,19.544237222000049],[-71.892179220999878,19.543926595000187],[-71.894214844999908,19.543537373000106],[-71.894523024999955,19.542360139000095],[-71.895103890999962,19.540366145000121],[-71.895387533999951,19.53898091200017],[-71.895231308999939,19.537687389000155],[-71.894836747999932,19.536416841000005],[-71.894761397999957,19.535377496000081],[-71.894774850999966,19.534213736000083],[-71.8947758999999,19.534123009000098],[-71.894091688999936,19.532558591000168],[-71.893743324999889,19.531361037000011],[-71.893739620999952,19.530061112000055],[-71.894020056999977,19.528341811000132],[-71.893950831999916,19.527483071000177],[-71.89449753699995,19.526273835000097],[-71.89401453399995,19.525642718000029],[-71.893185510999956,19.525186148999978],[-71.892506422999986,19.524849480000114],[-71.891483042999937,19.524100673000078],[-71.890937926999868,19.522737283000083],[-71.891227513999922,19.521532656000147],[-71.891387714999951,19.520127254000045],[-71.891406021999956,19.518674285000145],[-71.891255081999986,19.517606475999969],[-71.891712513999892,19.516088861000128],[-71.892918545999976,19.514755591000096],[-71.894292869999902,19.514075087000094],[-71.894845626999881,19.512549983000042],[-71.894644772999982,19.511102269000162],[-71.894614102999924,19.509720653000045],[-71.895024435999858,19.508175048000169],[-71.895667957999876,19.506877210000084],[-71.895300538999948,19.505679334999968],[-71.894957550999891,19.504698568000094],[-71.894488058999968,19.503860027000087],[-71.894100722999895,19.502706934000173],[-71.894331800999908,19.501573578000034],[-71.895154444999946,19.500369065000086],[-71.895977826999967,19.500617849000093],[-71.896825423999985,19.500099834000082],[-71.897555053999895,19.499778339000045],[-71.898672174999945,19.499598951000166],[-71.899863766999943,19.499511083000129],[-71.900536608999857,19.499170552000123],[-71.90104678199998,19.49887235500006],[-71.902764910999906,19.498125457000071],[-71.904247293999902,19.497762672000022],[-71.905482133999953,19.49790122200011],[-71.906507676999979,19.49853256099999],[-71.907083510999939,19.498289618000058],[-71.907666297999924,19.497676765999984],[-71.90805385199991,19.496816806000083],[-71.909067784999877,19.497059764000085],[-71.909752251999862,19.4981096140001],[-71.910394489999987,19.498878874000184],[-71.91104537099983,19.49969340500013],[-71.911949530999948,19.499699731000135],[-71.912678279999909,19.499423372000081],[-71.913447406999978,19.499021257000152],[-71.914225932999898,19.498628324000038],[-71.914949210999964,19.49813516800009],[-71.915654514999972,19.498589518000188],[-71.916603215999942,19.499264620000076],[-71.917816027999947,19.499059667000097],[-71.918689823999955,19.49865931100004],[-71.919192604999978,19.497747134000122],[-71.919743179999955,19.496321155000032],[-71.920440066999902,19.494708138000021],[-71.921139187999927,19.49397988700008],[-71.922165360999941,19.494078577999971],[-71.923786667999934,19.4939165400001],[-71.925366388999919,19.493437900000117],[-71.926742466999826,19.492648837000104],[-71.927953786999865,19.491514009000184],[-71.928795471999877,19.490291577999983],[-71.929928397999902,19.488767137000082],[-71.931232931999944,19.487227636000171],[-71.933015780999938,19.48606626500009],[-71.934833794999975,19.484553394000045],[-71.936107308999908,19.483139676000121],[-71.937561765999988,19.481214389000115],[-71.93786760099988,19.479630756000063],[-71.936718140999915,19.477995514000099],[-71.934884595999904,19.476294443000143],[-71.932018928999867,19.474314048000167],[-71.930138779999822,19.472567022000021],[-71.927656445999958,19.470954259999985],[-71.924273480999886,19.46916362800016],[-71.921614992999935,19.46680746800007],[-71.918186340999966,19.464420214000086],[-71.915847903999975,19.462764548000052],[-71.913725756999895,19.461247920000176],[-71.912141465999923,19.459975183000097],[-71.910119938999969,19.458677019000163],[-71.909201477999943,19.458932103000109],[-71.90774954799997,19.459719762000191],[-71.906637327999988,19.460152117000177],[-71.905305967999936,19.46010230100012],[-71.903994795999893,19.459989645000064],[-71.902628573999948,19.459767648000081],[-71.901297144999887,19.459717802000057],[-71.900257603999933,19.459835482000187],[-71.899236876999964,19.459962413000085],[-71.897783745999902,19.460307647999969],[-71.896423711999887,19.460762766000187],[-71.893844558999945,19.462262190000047],[-71.890767135999965,19.460449069000049],[-71.886892473999978,19.457033635000073],[-71.881181342999867,19.45262059900017],[-71.874712749999958,19.444051043000059],[-71.874333763999971,19.442473821000135],[-71.874591967999891,19.439923693000139],[-71.87320438699993,19.436361299999987],[-71.866831379999951,19.426827389000152],[-71.865361454999913,19.427072738999982],[-71.863635349999925,19.427277638000191],[-71.861309550999863,19.427002675000097],[-71.8592448899999,19.426506585000084],[-71.857345095999847,19.425850882000077],[-71.855745181999964,19.424938552000071],[-71.854717693999987,19.424442339000166],[-71.853191901999935,19.424126998000077],[-71.850416696999901,19.425947316000077],[-71.848544807999929,19.426311984000051],[-71.845826638999824,19.427636763000123],[-71.842936959999918,19.426999798000111],[-71.841694845999882,19.426779633000081],[-71.841194512999891,19.431491807000043],[-71.843635372999984,19.433691649000025],[-71.843810431999884,19.43546389200003],[-71.839420510999844,19.439575760000025],[-71.841288905999988,19.441855910000072],[-71.842500854999969,19.443149769999991],[-71.844304179999881,19.444372700000088],[-71.84568967499996,19.445552153999984],[-71.846399910999935,19.446710918000122],[-71.847035541999901,19.44779618300015],[-71.846585436999987,19.450406049000094],[-71.84480003699997,19.452676710999981],[-71.843071649999956,19.455444877000048],[-71.841744868999967,19.457615191000059],[-71.841240398999958,19.459095730000058],[-71.839094581999973,19.462768227000083],[-71.836657559999935,19.465262131000031],[-71.83401824699996,19.466894941000135],[-71.831429071999878,19.468880630000001],[-71.829409580999936,19.471426839000117],[-71.828740192999987,19.474032772000157],[-71.828109175999884,19.475646492999999],[-71.828046515999972,19.476909099000011],[-71.82824975699998,19.478203440000073],[-71.830288644999939,19.480044427999985],[-71.83305912599991,19.480977517000042],[-71.835617690999982,19.482042231000037],[-71.836589628999889,19.482474445000094],[-71.837120853999977,19.482564951000086],[-71.837828066999975,19.483886147000192],[-71.83818009099997,19.485363668000105],[-71.838281098999971,19.486042458000156],[-71.837583145999872,19.48767300600008],[-71.836610612999948,19.488739223000096],[-71.836038720999966,19.489758204000111],[-71.835998341999925,19.491346185000111],[-71.836191354999983,19.492189026000176],[-71.836560217999988,19.492800214000113],[-71.837321516999964,19.494275869999967],[-71.837931290999904,19.495225268000183],[-71.838150092999967,19.496700372000021],[-71.838255276999973,19.498633922000124],[-71.838219133999985,19.500492715000007],[-71.838252000999944,19.503210320000051],[-71.838557757999865,19.505598608000128],[-71.838417006999919,19.506959128999995],[-71.837839585999973,19.507770445000176],[-71.836533711999891,19.508839839000188],[-71.836026591999939,19.509950280000169],[-71.836105534999831,19.511765959000172],[-71.836282833999917,19.512924477000126],[-71.836356410999883,19.514035966000165],[-71.83663742799996,19.515737863000027],[-71.836641745999941,19.516983600000174],[-71.835749699999951,19.518791300000146],[-71.835073587999887,19.520268869999995],[-71.834578973999896,19.522200841000085],[-71.834386903999984,19.52326264300018],[-71.833662069999889,19.524305989000027],[-71.833379099999945,19.525149516000056],[-71.831482087999973,19.526253609000037],[-71.829472570999883,19.526777955000057],[-71.828046972999971,19.527141067999992],[-71.826620961999936,19.528497034000111],[-71.825800727999933,19.530035191000081],[-71.82383959699996,19.531490017000067],[-71.823015122999948,19.532757256000025],[-71.822563854999885,19.533435355000051],[-71.822517975999915,19.534319124000092],[-71.822644867999941,19.535621149000065],[-71.821750338999834,19.536571200000083],[-71.821680831999856,19.537201868000068],[-71.822210126999948,19.537888199000065],[-71.822096724999881,19.538815901000078],[-71.821546245999912,19.539699810000116],[-71.82112705399993,19.540197887000033],[-71.820715541999903,19.540307958000028],[-71.821504879999964,19.541811252000059],[-71.821870228999899,19.542602992000184],[-71.82230501399988,19.542764063000106],[-71.823468852999895,19.542649182000105],[-71.824609203999955,19.542759493000062],[-71.824373350999963,19.543621872000131],[-71.823776536999958,19.544441800000072],[-71.822754342999929,19.545100731000161],[-71.822027779999985,19.545737878000011],[-71.822134325999968,19.546615305000046],[-71.822896159999971,19.546610671000053],[-71.822551167999904,19.547696735000045],[-71.82260156399991,19.549981348000131],[-71.821835371999953,19.550211513000079],[-71.821317633999911,19.55039199600003],[-71.820516554999983,19.550459101000115],[-71.81980688799996,19.550717417000044],[-71.819716046999986,19.550977524000132],[-71.820198433999963,19.551626941000109],[-71.820437946999959,19.55203735200007],[-71.820480282999824,19.552308830000129],[-71.820518231999927,19.553284408000025],[-71.82067842899994,19.553855860000056],[-71.820782015999896,19.554399240999999],[-71.820765263999931,19.554769037000028],[-71.820672726999931,19.555119450000177],[-71.819913392999979,19.554510363000134],[-71.819621631999894,19.554333665999991],[-71.818701180999881,19.554173045000141],[-71.818186163999883,19.554218109000146],[-71.817765922999854,19.55428289200006],[-71.816785853999932,19.554247552000163],[-71.816119372999935,19.554244815000004],[-71.815763109999978,19.554446178000092],[-71.815726562999942,19.554851721000148],[-71.815953735999926,19.555406309000034],[-71.816128908999929,19.555698181000025],[-71.816300357999921,19.556179680000128],[-71.816368242999943,19.556605115000082],[-71.816207567999982,19.557513923000158],[-71.815743575999932,19.557866798000134],[-71.815120137999941,19.558577831999969],[-71.814780454999948,19.558905826000114],[-71.814434210999877,19.559080198000174],[-71.814043412999979,19.559100460000082],[-71.813523591999854,19.55938908000013],[-71.813229169999829,19.559347782000089],[-71.812909624999918,19.559134575000144],[-71.812619364999989,19.55888569800004],[-71.81193112699998,19.558052136000185],[-71.811634488999971,19.557640706000086],[-71.811343875999967,19.557409959999973],[-71.810360334999871,19.557067604000054],[-71.809819323999932,19.556976817000134],[-71.809766516999957,19.557724994000125],[-71.809505872999978,19.5588757700001],[-71.80908268099995,19.559572363000086],[-71.809144071999867,19.560322650000103],[-71.807556294999927,19.560682688000043],[-71.806457698999907,19.561349177000068],[-71.805767430999879,19.563033884999982],[-71.805350762999979,19.563883993000161],[-71.806404277999945,19.563577689000056],[-71.807521327999893,19.563426007000089],[-71.808631703999936,19.563617123000085],[-71.80937514999988,19.564063538000028],[-71.810017522999942,19.564806055000076],[-71.809675506999952,19.565251311000168],[-71.809276779999834,19.566155895000009],[-71.809655924999959,19.567697103000171],[-71.809587405999935,19.568273538000028],[-71.809346539999922,19.568901159000177],[-71.809400031999985,19.569569998000134],[-71.809968590999972,19.570193894000113],[-71.810495448999859,19.570519069000056],[-71.811296335999941,19.571435941999994],[-71.812900541999966,19.57169894499998],[-71.814219089999938,19.572444382000128],[-71.815533124999945,19.572449551000091],[-71.81612869699984,19.573155040000131],[-71.816823039999974,19.573681873000112],[-71.817338396999901,19.574593593000031],[-71.817983178999953,19.57715942100009],[-71.817937600999926,19.578990927999996],[-71.818186224999977,19.581847657000026],[-71.818264342999953,19.583202965000055],[-71.818364473999907,19.584892653999987],[-71.817839162999974,19.585939411000027],[-71.816572149999956,19.586440530000175],[-71.815829640999937,19.587393286000122],[-71.813188005999962,19.588537967999969],[-71.811896960999889,19.589778802000183],[-71.811044297999956,19.59003452799999],[-71.81094106199987,19.590043835000131],[-71.810888248999959,19.590058478000003],[-71.809956624999927,19.590132585000049],[-71.809074846999977,19.590414859000134],[-71.807651859999964,19.591315028000054],[-71.807020652999938,19.591714324000066],[-71.806391565999945,19.591739268000026],[-71.805505500999971,19.592238029000157],[-71.804557054999918,19.592519096000046],[-71.805522858999893,19.596182856000155],[-71.80618351399994,19.600346562000027],[-71.806018823999921,19.600966497000059],[-71.805972143999952,19.601886327000159],[-71.805867994999971,19.602335784000161],[-71.805337717999976,19.602660363000098],[-71.80439169999994,19.603780903000086],[-71.804010164999966,19.604288604000089],[-71.803456953999955,19.604811303000076],[-71.803479643999879,19.605109598000126],[-71.803126860999896,19.605608782000047],[-71.802620109999907,19.605708072000084],[-71.802424000999906,19.605993454999975],[-71.801923356999964,19.606264312999997],[-71.801532164999969,19.60725932600019],[-71.801238492999971,19.607660288000147],[-71.801151833999938,19.608669645000077],[-71.800790068999902,19.609141590000149],[-71.800452202999963,19.609370305000141],[-71.800106903999961,19.609490505000167],[-71.799782825999955,19.609502792000001],[-71.799327423999955,19.609891850000054],[-71.799338460999877,19.610298226999987],[-71.798811568999895,19.610929756000132],[-71.798560026999951,19.611372072000108],[-71.797193860999982,19.613256746000104],[-71.796259706999876,19.613772636000135],[-71.795483954999895,19.613984518000109],[-71.794462902999896,19.615518765000104],[-71.793827458999885,19.615859477000072],[-71.793378471999972,19.61592366900004],[-71.793143713999882,19.616235421000113],[-71.79321127999998,19.616669878000096],[-71.793183065999983,19.617129698000099],[-71.792773309999973,19.617140443000039],[-71.792376737999973,19.616961914000058],[-71.79178410499992,19.617068661000133],[-71.791637518999892,19.617734017000089],[-71.791305539999939,19.618143299000053],[-71.791139332999876,19.618356915000106],[-71.790948386999901,19.618858953000085],[-71.790877600999977,19.619543707000105],[-71.79009782299994,19.619723274000137],[-71.789575476999971,19.619881531000146],[-71.789284799999905,19.620129020000093],[-71.789193853999961,19.620389188000161],[-71.789279772999862,19.620860068000013],[-71.789452073999882,19.621296394000069],[-71.789701797999953,19.62167093100004],[-71.790038163999895,19.622001894000164],[-71.789821853999968,19.622341043000063],[-71.789519698999982,19.622687592999966],[-71.789702937999948,19.623051920000023],[-71.789936889999979,19.62326374200012],[-71.790337234999868,19.62373120899997],[-71.790781680999942,19.624370922000082],[-71.791009359999975,19.624898567000116],[-71.790898411999933,19.625690804000044],[-71.791073589999939,19.625982794000038],[-71.791353340999933,19.626285673000154],[-71.791606557999899,19.627445466000097],[-71.791867228999877,19.627748004000068],[-71.792443310999943,19.628480394999997],[-71.792140528999937,19.628854099000023],[-71.792217133999884,19.629315789000032],[-71.792890187999888,19.629959578000125],[-71.79325211299988,19.630444404000059],[-71.793582506999883,19.630594774000087],[-71.793421921999936,19.63100711300018],[-71.793261874999985,19.631392389000098],[-71.793301753999913,19.631781230000001],[-71.793595580999977,19.632337035000091],[-71.794657643999926,19.633232960000043],[-71.794710518999977,19.633277564000025],[-71.794972099999939,19.633534994000172],[-71.795255538999925,19.634135734000154],[-71.795498836999968,19.634356651000019],[-71.795964549999894,19.634410164000087],[-71.79631063599993,19.634732178000093],[-71.795907655999883,19.635356870000123],[-71.795821988999819,19.635833717000025],[-71.796053916999824,19.636144763000175],[-71.796321324999838,19.636591805000023],[-71.796007776999829,19.637028493000116],[-71.79572378599994,19.637420586000133],[-71.79539661299998,19.638064586000155],[-71.794533810999894,19.638816438000163],[-71.794535068999835,19.639710035000121],[-71.794328138999958,19.640058378000106],[-71.794074616999922,19.640351745000089],[-71.793761592999942,19.640761364000184],[-71.793379204999951,19.641305107000107],[-71.792726970999979,19.642006559000095],[-71.792453543999898,19.642344597000147],[-71.792406484999901,19.642795056000011],[-71.791604681999843,19.643349447000162],[-71.791083098999934,19.643710215000169],[-71.790969182999845,19.64416850300006],[-71.791152444999909,19.644532742000081],[-71.791333449999968,19.645014435000064],[-71.791276446999973,19.645482763000075],[-71.79065762099998,19.645941058999995],[-71.790273850999938,19.646556961000158],[-71.789161700999955,19.646428801000013],[-71.788367495999978,19.646604115000173],[-71.787898077999955,19.646731176000117],[-71.787084685999957,19.646915165000109],[-71.786127641999883,19.647132767000187],[-71.785669243999905,19.647187736000035],[-71.785310210999967,19.647515295000062],[-71.785160164999979,19.647873666000123],[-71.785001796999836,19.648168628000008],[-71.784558500999935,19.649857589000078],[-71.783908290999932,19.652364218000059],[-71.784520812999915,19.655091980000179],[-71.788361667999936,19.658374008999999],[-71.793162308999911,19.658920115000114],[-71.797619817999987,19.659478026000158],[-71.79726974099998,19.660789586000135],[-71.795860966999953,19.67078345800013],[-71.795036957999969,19.679153911000014],[-71.794537488999936,19.683658061000187],[-71.793917195999938,19.687049802999979],[-71.792692910999904,19.694925662000173]]]},"properties":{"FID":1,"adm2_name":"Fort-Liberte","adm2_name1":"Fort-Liberté","adm2_name2":" ","adm2_name3":" ","adm2_pcode":"HT0411","adm1_name":"North-East","adm1_name1":"Nord-Est","adm1_name2":"Nòdès","adm1_name3":" ","adm1_pcode":"HT04","adm0_name":"Haiti","adm0_name1":"Haïti","adm0_name2":"Ayiti","adm0_name3":" ","adm0_pcode":"HT","valid_on":1543449600000,"valid_to":null,"area_sqkm":237.26769877999999,"version":"v01","lang":"en","lang1":"fr","lang2":"ht","lang3":" ","adm2_ref_n":"Fort-Liberté","center_lat":19.569235580000001,"center_lon":-71.850172470000004}},{"type":"Feature","id":2,"geometry":{"type":"Polygon","coordinates":[[[-71.822645165999973,19.439092928999969],[-71.82402937899991,19.439839326000026],[-71.826260956999988,19.440067922000082],[-71.828277230999959,19.441096180000102],[-71.830584699999974,19.442318935999992],[-71.832288947999984,19.442754922000006],[-71.833718436999959,19.442644527000027],[-71.835636096999963,19.441892692000067],[-71.837647057999902,19.44123279900009],[-71.839420510999844,19.439575760000025],[-71.843810431999884,19.43546389200003],[-71.843635372999984,19.433691649000025],[-71.841194512999891,19.431491807000043],[-71.841694845999882,19.426779633000081],[-71.842936959999918,19.426999798000111],[-71.845826638999824,19.427636763000123],[-71.848544807999929,19.426311984000051],[-71.850416696999901,19.425947316000077],[-71.853191901999935,19.424126998000077],[-71.85306061499989,19.423041481000041],[-71.853351403999966,19.42227030700019],[-71.853428590999954,19.421224506000101],[-71.854221253999924,19.420579353999983],[-71.855149719999986,19.420288517000188],[-71.856170807999945,19.420125626000129],[-71.858231126999954,19.419358016000047],[-71.859157885999934,19.417180498000164],[-71.859503791999941,19.416013081000131],[-71.859717517999854,19.415285592000032],[-71.859050989999957,19.414326274000075],[-71.858555593999881,19.413369919000104],[-71.858829560999936,19.412977480000052],[-71.859320172999844,19.412697086000094],[-71.859639581999886,19.412413729000036],[-71.859448677999978,19.411950072000081],[-71.859210248999887,19.41148559200002],[-71.857838249999986,19.409611407000114],[-71.856809890999955,19.407679902000098],[-71.854728114999944,19.406109367999989],[-71.853718675999914,19.405667624000046],[-71.85354471799991,19.406305456999974],[-71.853554142999883,19.406802071000016],[-71.853488030999927,19.407766845000083],[-71.852717858999881,19.407744470000125],[-71.852443438999899,19.407667424000124],[-71.851869038999894,19.407496031999983],[-71.85122320399995,19.4073033250001],[-71.850600460999942,19.407039741000176],[-71.850386532999892,19.406783245999975],[-71.849338374999945,19.406376997000052],[-71.848474640999882,19.40528779400006],[-71.84811884599992,19.4049927370001],[-71.847709092999878,19.404534297000168],[-71.84783406199989,19.403480395000031],[-71.84764449599993,19.402953581000133],[-71.846695415999932,19.402837740000052],[-71.844981941999833,19.402401775000101],[-71.844898050999973,19.401326198000049],[-71.844934439999975,19.400424180000186],[-71.842608388999906,19.40018512100005],[-71.842102129999944,19.400293730000044],[-71.841519631999972,19.400409945000149],[-71.840596501999983,19.40042998600012],[-71.840315324999892,19.400208412000097],[-71.840248152999948,19.399746895000192],[-71.840461654999899,19.399037570000189],[-71.839515397999946,19.398777350000159],[-71.839219231999948,19.398844393000104],[-71.83862364099997,19.398157087000072],[-71.838368232999983,19.397592933000112],[-71.837890071999936,19.396248689000117],[-71.837046203999932,19.395611206000012],[-71.836652418999961,19.395315468999968],[-71.836260555999957,19.394920495000179],[-71.83656177599994,19.394591739000134],[-71.836257320999948,19.393611595000039],[-71.835732313999927,19.393214301000057],[-71.835104102999935,19.392743011000107],[-71.835033801999884,19.39244397300007],[-71.834659293999891,19.391643100000181],[-71.83413212399995,19.391354060000026],[-71.833901788999924,19.390970921000076],[-71.833802948999903,19.39067129600005],[-71.832615282999882,19.390109027000165],[-71.831822960999943,19.389761211000121],[-71.831611081999938,19.389405556000099],[-71.831585110999981,19.38878222500017],[-71.831652774999895,19.388232813000172],[-71.832033095999918,19.387752025000168],[-71.832431636999956,19.38682014200009],[-71.832305480999935,19.386456958000053],[-71.832238330999928,19.385995441000148],[-71.831795006999869,19.385310686000082],[-71.831129610999881,19.385777478000136],[-71.830675454999948,19.385652238000091],[-71.830426255999953,19.385259743000006],[-71.830226145999973,19.384786883000174],[-71.830163197999923,19.384108760000061],[-71.82992296499998,19.383743495000147],[-71.829027776999965,19.383800164000149],[-71.828640026999949,19.383685013000104],[-71.828259793999905,19.383181934000163],[-71.827319026999987,19.384113276000107],[-71.826800313999968,19.383887629000185],[-71.826633695999931,19.383649989000048],[-71.826548733999914,19.383124990000056],[-71.826567668999985,19.382637903000159],[-71.826839542999835,19.382353773000091],[-71.827465952999944,19.381931438000038],[-71.827786562999961,19.381584985000075],[-71.827330194999945,19.380105739999976],[-71.826794463999988,19.379771414000061],[-71.826431372999878,19.37936790200007],[-71.826280893999979,19.378787611000064],[-71.82642277399998,19.378338769000095],[-71.826965200999837,19.377833746000135],[-71.827026006999972,19.377148759000022],[-71.826698674999989,19.376863192000087],[-71.826061278999987,19.376870114000155],[-71.825799909999944,19.376612862000172],[-71.826036720999923,19.376174702000185],[-71.825633960999824,19.375851718999968],[-71.825094997999884,19.375688890000106],[-71.824795608999978,19.375430882000103],[-71.824878485999932,19.375080281000123],[-71.82519925999992,19.374724810000089],[-71.825387776999946,19.374321905000045],[-71.825348485999939,19.373896973000058],[-71.825049271999944,19.373630036000122],[-71.824764736999953,19.373588968000092],[-71.82405340299988,19.373486298000103],[-71.823594528999934,19.373117210000146],[-71.823603454999954,19.372657022000055],[-71.823655832999918,19.371917741999994],[-71.823529530999963,19.371563487000117],[-71.823151822999989,19.37142151900008],[-71.82279439399997,19.371216644000071],[-71.822210310999878,19.370926675000192],[-71.821886881999944,19.370930047999991],[-71.821469226999909,19.370886649000056],[-71.821062364999932,19.370780176000039],[-71.820929937999892,19.37074176200008],[-71.820581123999887,19.370582246000026],[-71.820253115999947,19.370332758000131],[-71.820279244999881,19.369475702000102],[-71.820289228999911,19.36896138700007],[-71.819814301999941,19.368438593000178],[-71.819179569999847,19.368310172000122],[-71.819147678999968,19.367993666000075],[-71.819211309999901,19.367164341000091],[-71.819038559999967,19.366755124000065],[-71.818970921999892,19.366320672000029],[-71.818641170999967,19.366161487000056],[-71.817864914999973,19.366463766000095],[-71.817356730999904,19.366184138000051],[-71.817008457999975,19.365997462000109],[-71.81651792599996,19.365790337000078],[-71.816155941999966,19.365332684000123],[-71.815944651999985,19.364949865000028],[-71.815605867999921,19.364763444000118],[-71.815341472999876,19.365155893000178],[-71.814722397999901,19.365199289000032],[-71.814788680999982,19.364234556000042],[-71.815051750999885,19.36391428100012],[-71.815052535999882,19.363381667999988],[-71.814619262999827,19.363166516000149],[-71.814406926999936,19.362837825000042],[-71.814308308999955,19.362529173999974],[-71.813864761999923,19.361862526000095],[-71.813790110999946,19.361301519000108],[-71.814187268999945,19.360929445000068],[-71.814529108999977,19.360465976000171],[-71.814546310999901,19.360069198000019],[-71.814315180999984,19.359731154000144],[-71.81392970099995,19.359498701000177],[-71.813302995999891,19.35945162500019],[-71.813079872999822,19.35918600600013],[-71.813449718999948,19.358750194000152],[-71.813498873999947,19.358182330000034],[-71.813324136999938,19.357872345999965],[-71.812964643999976,19.357775803999971],[-71.812435427999958,19.358091505000061],[-71.812258224999937,19.358404348000136],[-71.812044151999942,19.358653283000024],[-71.811640413999896,19.358871910000062],[-71.811353804999897,19.358939083000053],[-71.810900445999948,19.358777720000091],[-71.810850652999932,19.358406753000054],[-71.810617522999905,19.358167938999998],[-71.810201838999888,19.358025284000007],[-71.809650578999936,19.35751918200009],[-71.810082596999962,19.357310079000115],[-71.810335043999885,19.357043770000189],[-71.81019771299998,19.356770538000148],[-71.809639782999909,19.35660733900005],[-71.809415519999959,19.356404777000137],[-71.809076585999946,19.356227368000134],[-71.808289301999935,19.356123315000104],[-71.808133802999919,19.355804640000144],[-71.808169717999988,19.355426152000064],[-71.80839380599997,19.355150234000178],[-71.808383091999872,19.354725805000157],[-71.808112123999933,19.354477390999989],[-71.80811827399998,19.354161552000107],[-71.808303636999938,19.353921052000089],[-71.808523329999844,19.35338334700009],[-71.808320676999926,19.35304579700005],[-71.808026525999935,19.35301356400015],[-71.807404863999921,19.353192263000096],[-71.80705170899995,19.353258262000111],[-71.806737106999947,19.352810452000028],[-71.806743609999955,19.352476571000011],[-71.806717891999938,19.351844317000086],[-71.806720005999921,19.351248558999998],[-71.806545014999926,19.350956705000044],[-71.80629689299991,19.350510062000126],[-71.805854111999963,19.349807227000156],[-71.805015253999841,19.348934999000107],[-71.804984266999952,19.348573386000112],[-71.805219064999903,19.348234488000116],[-71.805490726999835,19.347959498000137],[-71.80584616099992,19.347288721000098],[-71.805899464999982,19.346991758000172],[-71.805882353999891,19.346404778000078],[-71.805326053999977,19.345672878000073],[-71.80502287999991,19.345613410000169],[-71.804704602999891,19.345355138000116],[-71.804729804999909,19.345039635000035],[-71.804840351999928,19.344734652999989],[-71.804814461999911,19.34411142100015],[-71.804483820999906,19.343509821999987],[-71.804227284999911,19.343008884000142],[-71.80407451699989,19.342554889000155],[-71.80387223699995,19.342199294000125],[-71.803676450999887,19.341997319000029],[-71.803519290999873,19.341768858000023],[-71.80326802299993,19.341484688000151],[-71.803188842999987,19.340670917000011],[-71.801875058999883,19.339772293000124],[-71.801668050999979,19.339172863999977],[-71.801230399999952,19.338695814000118],[-71.800668160999976,19.338270723000051],[-71.800091511999938,19.338098150000064],[-71.7994901859999,19.338213924000058],[-71.799207053999965,19.338100654000073],[-71.798978974999898,19.337609236000105],[-71.798562123999943,19.337529620999987],[-71.798321312999917,19.337200509000127],[-71.798575501999892,19.33684391100013],[-71.798847074999912,19.336568837000073],[-71.798988444999964,19.336147084999993],[-71.799006025999915,19.335732180000036],[-71.798617378999893,19.33518379200018],[-71.798489564999898,19.334910723000007],[-71.797212335999916,19.334581435000132],[-71.795578299999988,19.334507569000095],[-71.794230580999965,19.334375467000143],[-71.792133271999944,19.33416707400005],[-71.791709028999946,19.333491616000117],[-71.790816255999971,19.333439790000114],[-71.789471585999934,19.333641791000048],[-71.7883369729999,19.333314867000126],[-71.787125196999909,19.333040723000011],[-71.785827848999986,19.331799366000098],[-71.78338412599993,19.333254534000048],[-71.778815563999842,19.335487977000184],[-71.774676356999919,19.337505274000023],[-71.772248772999887,19.33861763200008],[-71.768345622999959,19.33884628900006],[-71.763194615999907,19.339188045000071],[-71.756262383999911,19.339687432000119],[-71.752657350999982,19.339749599000186],[-71.751811124999961,19.340709286000106],[-71.751112433999879,19.343819786000097],[-71.748264566999978,19.353643337000108],[-71.744064019999939,19.356384351000031],[-71.737551269999869,19.35822624900004],[-71.734946303999891,19.359623710000108],[-71.734998971999971,19.36079804100001],[-71.731624247999889,19.360737436000079],[-71.731036957999891,19.36157531300006],[-71.73038142899992,19.362971535000099],[-71.72920277399993,19.363419677000024],[-71.724459155999909,19.366655821000109],[-71.722687302999987,19.365378333000081],[-71.721623302999944,19.36532306100014],[-71.720645820999891,19.364785948000019],[-71.71978900299996,19.364315139000041],[-71.718772251999951,19.362852713000052],[-71.718190691999951,19.362923435000027],[-71.718542498999966,19.364825241000176],[-71.716955987999938,19.368542220000165],[-71.71409579199991,19.37173985000004],[-71.705510527999934,19.365943472000083],[-71.703325516999882,19.364883923000036],[-71.702828619999877,19.363584251000191],[-71.703033557999959,19.362378606000163],[-71.702378196999916,19.360922567000046],[-71.701300935999882,19.359639443000106],[-71.70007354899991,19.359671323000043],[-71.697344286999964,19.360145347000014],[-71.696803457999977,19.359611973000142],[-71.696219442999961,19.359809001000087],[-71.694537221999951,19.359760394000034],[-71.693734601999893,19.360422673000073],[-71.692119165999941,19.363191268000094],[-71.693643731999941,19.364455502000055],[-71.693960552999954,19.367602129999966],[-71.69399485699995,19.368730982000102],[-71.693627435999929,19.369031196000094],[-71.692562550999924,19.369490173000145],[-71.691672267999877,19.370719511000061],[-71.691030681999905,19.371881089999988],[-71.691326544999981,19.372770972000069],[-71.693403171999933,19.374956835000035],[-71.693982489999883,19.379705875000013],[-71.694664352999837,19.38126159400008],[-71.694376600999988,19.381852102000039],[-71.694603370999857,19.38239773700019],[-71.698534905999963,19.383164118000082],[-71.701461361999918,19.383307588000037],[-71.704816243999858,19.38390094500005],[-71.707602849999944,19.383906336000052],[-71.710444362999965,19.384020964000115],[-71.711844599999893,19.384389300000009],[-71.712942647999967,19.38606990400018],[-71.713868636999962,19.38684474300004],[-71.715037677999931,19.387362371999984],[-71.71641260999985,19.387098373000072],[-71.71747651599992,19.386215035000191],[-71.718305333999865,19.387096474000032],[-71.71884820799994,19.388008841000101],[-71.719593334999956,19.388320173000125],[-71.72076413699989,19.388278142000104],[-71.72322788699995,19.387311650000072],[-71.725222590999863,19.386968521000028],[-71.726211766999882,19.386968298000056],[-71.728202241999838,19.387789412000132],[-71.730612656999881,19.389015205000078],[-71.731952810999985,19.39049243900007],[-71.732710432999966,19.392563972000119],[-71.733877305999897,19.39414645700009],[-71.734732257999951,19.394676283000024],[-71.73596798799997,19.39471654099998],[-71.737374701999897,19.394768887000055],[-71.738997170999937,19.395447929000113],[-71.739657185999931,19.396696242000075],[-71.740344232999917,19.398017322000157],[-71.741104331999964,19.399014846999989],[-71.741874869999947,19.399488987000154],[-71.743921777999901,19.400356088000024],[-71.745594578999942,19.400422170000184],[-71.747434450999947,19.400220419000107],[-71.749132925999959,19.400431404000074],[-71.75041861099993,19.401311880000094],[-71.75127103799997,19.402455320000001],[-71.752021201999924,19.403479705000109],[-71.752471546999971,19.40379466800016],[-71.753729033999946,19.403699752000136],[-71.755595162999953,19.40313742800015],[-71.757020059999832,19.402756710000062],[-71.758359593999899,19.403322165000077],[-71.759499862999917,19.404344375000107],[-71.761060887999861,19.405256864000023],[-71.762884757999871,19.406345395000073],[-71.764682887999982,19.407776461000026],[-71.766915931999961,19.408863316000122],[-71.768237325999962,19.409870660000024],[-71.769424512999876,19.410929843000133],[-71.769980062999934,19.411219479000124],[-71.771053669999958,19.411771098000031],[-71.772344431999898,19.412886253000011],[-71.773266860999911,19.413868424000043],[-71.774320419999981,19.41495227900009],[-71.775273297999945,19.415835717000164],[-71.777155851999908,19.41637460600009],[-71.779578038999944,19.417527859000018],[-71.78014225599992,19.418828608000069],[-71.780497756999921,19.419132716000036],[-71.781036042999972,19.419819265000058],[-71.781548632999943,19.420360879000157],[-71.783370444999946,19.423019786000111],[-71.78522649699994,19.424424645000101],[-71.786391804999937,19.426124168000115],[-71.788343208999891,19.428009160000101],[-71.789873518999968,19.429534555000146],[-71.791319797999961,19.431464727000161],[-71.792511102999981,19.433300050000014],[-71.793462862999945,19.434733970000025],[-71.795245634999901,19.436976900000161],[-71.797239657999967,19.438636877000079],[-71.798530995999954,19.440230283000119],[-71.799678750999988,19.440412986000069],[-71.801133777999951,19.440935098000068],[-71.802980286999968,19.441391908000014],[-71.805020194999884,19.441689670000187],[-71.806567542999915,19.441870349999988],[-71.808045069999878,19.441733934000069],[-71.810254102999977,19.441168091000065],[-71.812364743999979,19.440284453000174],[-71.814226369999915,19.439965223000058],[-71.816384826999979,19.4400392390001],[-71.817965025999968,19.440491223000038],[-71.819176249999941,19.440837361000092],[-71.819960436999963,19.440634530000068],[-71.820287883999981,19.439457794000077],[-71.820868779999898,19.438457056000061],[-71.821696969999948,19.438435478000031],[-71.822645165999973,19.439092928999969]]]},"properties":{"FID":2,"adm2_name":"Mont-Organise","adm2_name1":"Mont-Organisé","adm2_name2":" ","adm2_name3":" ","adm2_pcode":"HT0423","adm1_name":"North-East","adm1_name1":"Nord-Est","adm1_name2":"Nòdès","adm1_name3":" ","adm1_pcode":"HT04","adm0_name":"Haiti","adm0_name1":"Haïti","adm0_name2":"Ayiti","adm0_name3":" ","adm0_pcode":"HT","valid_on":1543449600000,"valid_to":null,"area_sqkm":102.40900903000001,"version":"v01","lang":"en","lang1":"fr","lang2":"ht","lang3":" ","adm2_ref_n":"Mont-Organisé","center_lat":19.387205009999999,"center_lon":-71.779526309999994}},{"type":"Feature","id":3,"geometry":{"type":"Polygon","coordinates":[[[-72.306370503999972,19.761733947000153],[-72.306952401999979,19.762862368000185],[-72.310142369999937,19.763163137000106],[-72.310956640999905,19.764656228000092],[-72.313020737999977,19.764985153000055],[-72.313774508999984,19.765538299000127],[-72.313747232999958,19.766025458000058],[-72.314077968999982,19.766779877000033],[-72.314173962999917,19.769020557000147],[-72.314925623999954,19.770268866000151],[-72.318848741999886,19.770083906000139],[-72.320032758999901,19.767726998000171],[-72.319708940999931,19.767126157000064],[-72.319072038999821,19.766999254000154],[-72.318122279999841,19.766190422000022],[-72.317449451999948,19.763652120000131],[-72.314339251999911,19.760291676999998],[-72.314023874999918,19.758625544000097],[-72.312804411999934,19.756837506000124],[-72.312924841999859,19.754202781000174],[-72.312631598999928,19.752925247000178],[-72.311909467999953,19.751623216000155],[-72.311116215999959,19.750591025999995],[-72.311511747999987,19.749748216000114],[-72.311007945999961,19.747943840000005],[-72.312378169999988,19.747558100000049],[-72.313483797999936,19.74816156899999],[-72.315405970999961,19.748416188000192],[-72.317166042999929,19.749237082000093],[-72.317926622999892,19.748806050000098],[-72.31905680899996,19.748516052000127],[-72.319653733999985,19.747035108000148],[-72.319746265999981,19.745492535000153],[-72.317951465999897,19.743325613000081],[-72.316353259999914,19.743094030000009],[-72.315470084999959,19.743441973000131],[-72.314859332999958,19.742900107000025],[-72.312123665999934,19.742822942000146],[-72.310455601999934,19.743917462000127],[-72.309580303999951,19.743227165999997],[-72.309537278999983,19.740671235000036],[-72.308909725999911,19.739993598000183],[-72.308076671999913,19.739060103000099],[-72.308124058999908,19.737941153000065],[-72.308391280999899,19.737358302000075],[-72.30966062899995,19.73672722800012],[-72.31065059499997,19.736832462999985],[-72.311548899999877,19.737288385000056],[-72.313036055999987,19.73674180200004],[-72.313836521999974,19.735634236000067],[-72.3133225979999,19.734434640000131],[-72.311586879999822,19.732843575000004],[-72.311510019999957,19.732773120000161],[-72.31207802299997,19.730741006000017],[-72.31150886599994,19.728854408000075],[-72.312654018999922,19.727661651000062],[-72.31253368199998,19.726305466000042],[-72.311673266999946,19.724730457000192],[-72.311181884999883,19.722754752000071],[-72.310297570999978,19.720899442000018],[-72.31008031999994,19.719641104000175],[-72.310323869999934,19.718759896000108],[-72.310248687999945,19.718126760000132],[-72.310268170999962,19.717531065000117],[-72.310302077999836,19.716646709000145],[-72.309823767999944,19.716170016000035],[-72.309004847999972,19.715534742000045],[-72.308682742999963,19.714843644000098],[-72.308272839999972,19.714268674000095],[-72.307537198999967,19.713788111000042],[-72.306741767999938,19.713460111000074],[-72.306070902999863,19.713097872000048],[-72.305530932999943,19.712891153000101],[-72.304868978999878,19.712565153000128],[-72.304254205999939,19.712266942000042],[-72.303946986999904,19.711828918000037],[-72.303611989999979,19.711336312000128],[-72.303581892999887,19.710857320000116],[-72.303932784999972,19.710402113000043],[-72.304359231999968,19.709984149999968],[-72.304605115999891,19.709536389000164],[-72.304576074999886,19.708994221000069],[-72.304414933999965,19.708368730000075],[-72.304187213999967,19.707733300000086],[-72.303647744999921,19.706930600000135],[-72.303204726999923,19.706625944000109],[-72.302528294999945,19.706597713000008],[-72.301699803999952,19.707108922000145],[-72.301257663999877,19.707319013000188],[-72.301027157999897,19.706855059000191],[-72.30085818799995,19.706130147000067],[-72.300454546999958,19.705185046000111],[-72.299942081999916,19.705041920000156],[-72.299367667999888,19.704617920999965],[-72.298957216999952,19.704078946000095],[-72.298960291999947,19.702191918999972],[-72.298767534999968,19.701746586000183],[-72.298005573999887,19.701139123000075],[-72.297392371999877,19.700750734000053],[-72.296882127999936,19.700481162000131],[-72.296149996999929,19.699792895000087],[-72.295871958999953,19.699319193000179],[-72.295492263999961,19.698654383000019],[-72.295084419999966,19.697961976000045],[-72.294843593999929,19.697542997000085],[-72.294622779999884,19.697070156000166],[-72.294014308999976,19.696401894000076],[-72.293186879999894,19.69572120700019],[-72.292034368999964,19.695658675000175],[-72.291430731999981,19.695839133000163],[-72.290754503999835,19.695801839000069],[-72.289708215999951,19.696228459000054],[-72.288687634999974,19.696258171000181],[-72.288045416999921,19.696465206000028],[-72.287702963999948,19.696983700000089],[-72.287594772999967,19.69774956200007],[-72.287319649999915,19.698232964000056],[-72.286873491999984,19.698686696000152],[-72.286384382999984,19.698855377000143],[-72.28556932399988,19.699136469000109],[-72.28515612699988,19.698200227000143],[-72.2850071659999,19.698038101000009],[-72.284982404999823,19.698011151000117],[-72.284491474999982,19.697476831000131],[-72.284442638999906,19.696979503000023],[-72.283937611999988,19.696403049000082],[-72.283773664999899,19.69594911300004],[-72.283714924999913,19.695687651000071],[-72.283649510999851,19.695396481000103],[-72.283623500999909,19.695320246000108],[-72.283377004999863,19.694597776000023],[-72.282897165999941,19.694220301000144],[-72.282302368999922,19.693877192000116],[-72.281380644999956,19.693700735000164],[-72.280703976999916,19.693690478000121],[-72.280238668999971,19.693584034000025],[-72.279842750999933,19.693316242000037],[-72.279498811999986,19.692796384000189],[-72.27953149099983,19.691993275000073],[-72.27958979899995,19.691362073999983],[-72.278900864999969,19.690385531000118],[-72.27864244899996,19.689885024000034],[-72.278593934999947,19.689369647000092],[-72.278757311999982,19.688731011000186],[-72.278926912999964,19.688282132000097],[-72.278965099999937,19.688200549000157],[-72.2792038689999,19.687690445000044],[-72.27962737699994,19.687022450000143],[-72.279634808999958,19.687010729000122],[-72.279991417999952,19.686212530999967],[-72.27999604199988,19.686203366000029],[-72.280262658999902,19.685674928000026],[-72.28031690399996,19.685567414000161],[-72.280752766999967,19.685158676000128],[-72.281313568999906,19.68412876900004],[-72.281456073999891,19.683589202999997],[-72.281730663999952,19.682573104000028],[-72.281898053999953,19.681690789000129],[-72.282027785999958,19.680780730000095],[-72.282244457999923,19.680368668000085],[-72.282442872999923,19.679911192000077],[-72.282559349999985,19.679639605000091],[-72.282631394999896,19.679471620000129],[-72.282997555999884,19.678673557000081],[-72.283063823999953,19.678132835000099],[-72.283142875999943,19.67740264300005],[-72.283192558999986,19.676717232000101],[-72.283587465999972,19.675910575000103],[-72.283879894999984,19.675526737000098],[-72.284478869999987,19.674809518000188],[-72.284483082999884,19.674804473000052],[-72.284950584999933,19.67438748699999],[-72.28517983099988,19.674183011000139],[-72.285462895999956,19.6737900010001],[-72.285375334999912,19.673328196],[-72.285386038999889,19.673315320000029],[-72.285686696999903,19.672953668000105],[-72.285625225999979,19.672076913000126],[-72.285876330999884,19.671313209000175],[-72.285886896999955,19.671279901000105],[-72.28602740599996,19.67083695600013],[-72.286085581999885,19.670307647000129],[-72.286184929999934,19.669403729000123],[-72.286150993999968,19.668590580000057],[-72.286167875999922,19.668531204000146],[-72.286424527999941,19.667628524000065],[-72.286578556999984,19.666971769000156],[-72.286161308999908,19.666279210000141],[-72.285950706999984,19.66529878800003],[-72.285949216999882,19.665291851000063],[-72.28625759199997,19.664736931000164],[-72.286342324999964,19.664584454000078],[-72.286121871999967,19.66409356000014],[-72.285870681999938,19.663159773000075],[-72.285841235999897,19.662644683000053],[-72.286505599999884,19.662248402000046],[-72.286764129999881,19.66183735400017],[-72.286769998999944,19.661828023000169],[-72.287132175999943,19.66104637400008],[-72.287185454999928,19.660931388000165],[-72.287843299999906,19.65921674700013],[-72.28805375599984,19.658605887000192],[-72.288204425999936,19.658147679000137],[-72.287973021999903,19.657737867000151],[-72.288501113999985,19.656942227000059],[-72.28862803599992,19.656194786000128],[-72.288862352999956,19.655295411000054],[-72.28919268299984,19.654921158000036],[-72.290041070999962,19.654346999999973],[-72.290632159999916,19.654337859000009],[-72.291159876999984,19.654129158999979],[-72.291575769999838,19.65376521800016],[-72.291768927999897,19.65304576300008],[-72.292168831999959,19.652501032000032],[-72.292500437999877,19.652054571999997],[-72.293087994999894,19.651684185000022],[-72.29404143499994,19.651662436000095],[-72.294652016999976,19.651057589000061],[-72.295176691999984,19.65102937600011],[-72.295770519999905,19.650841891000141],[-72.296077317999959,19.650745028000017],[-72.296641159999979,19.65065411900008],[-72.296330372999932,19.649863973000038],[-72.295424130999947,19.649344625000083],[-72.295074489999934,19.648599030000128],[-72.295708785999921,19.647145783000042],[-72.297576430999925,19.645458313000006],[-72.29604030899992,19.64442396700008],[-72.295925773999954,19.644484137000063],[-72.294001937999951,19.645494810000116],[-72.293439024999884,19.645531473000062],[-72.292614368999978,19.645266288000016],[-72.292275089999976,19.645604307000042],[-72.291647664999914,19.646235791000038],[-72.291373538999892,19.646511691000171],[-72.290686494999989,19.64656452800017],[-72.289955201999931,19.646977878000087],[-72.289181209999867,19.64660934800014],[-72.289132670999948,19.646586237000122],[-72.289025989999971,19.647261857000046],[-72.288363445999948,19.647558791000108],[-72.288136651999935,19.648006825000039],[-72.287327822999885,19.647931428000106],[-72.287168134999945,19.648046451000141],[-72.286787579999952,19.64832056400013],[-72.286605860999941,19.648750220000181],[-72.286529525999924,19.648930705999987],[-72.285863780999989,19.649417245000052],[-72.285184798999978,19.650120326000035],[-72.28484580099996,19.650440187000129],[-72.284066778999886,19.650293006000084],[-72.283572835999962,19.650195268000004],[-72.282551943999977,19.650261080000121],[-72.281831494999949,19.650033440000129],[-72.281021901999964,19.650003138000102],[-72.280163172999949,19.650062452000043],[-72.279562969999859,19.650613147000058],[-72.278679752999949,19.650428168000076],[-72.277943873999902,19.649983625000175],[-72.277182810999989,19.649899878000099],[-72.276317474999985,19.649787466000191],[-72.275574743999982,19.649749125000142],[-72.276251778999892,19.6491635000001],[-72.276707925999972,19.64867373300018],[-72.276592803999961,19.648146594000139],[-72.276557576999949,19.647985294000136],[-72.276424894999934,19.647994695000079],[-72.276032763999979,19.648022477000097],[-72.274994604999961,19.648548463999987],[-72.274553297999944,19.648722407000093],[-72.274135910999973,19.648038855000038],[-72.273820515999887,19.647528455999975],[-72.273095848999958,19.646984767000049],[-72.272983860999943,19.644590312000048],[-72.272967827999935,19.642721072000143],[-72.273331792999954,19.642049371000041],[-72.273596335999912,19.641619985000034],[-72.27397892699986,19.640975736000144],[-72.274379004999901,19.640421933000027],[-72.274755871999844,19.640111602000047],[-72.274765237999986,19.640103981000038],[-72.275354979999918,19.639624094000055],[-72.277077282999983,19.638219645999982],[-72.277094247999969,19.638205812000081],[-72.277606631999902,19.638339952000024],[-72.278010030999951,19.63836076900003],[-72.278101750999838,19.63836550200017],[-72.2781049109999,19.638273716000015],[-72.27812038999997,19.637824058000149],[-72.27762474799988,19.637265802000115],[-72.277520411999944,19.636923417000105],[-72.277489300999946,19.636821325000028],[-72.278030738999973,19.636360014000161],[-72.277704928999867,19.635903629000154],[-72.27705969799996,19.635171499000137],[-72.277031557999919,19.63499998500015],[-72.277004446999968,19.634834744000045],[-72.276964641999882,19.634592135000162],[-72.277777889999925,19.633837040000117],[-72.277634990999957,19.633265979000043],[-72.277592512999888,19.633019790000162],[-72.27755689199995,19.632813343000066],[-72.277454152999894,19.632125626000061],[-72.277673798999956,19.631532971000183],[-72.277775334999831,19.630595492000111],[-72.277401697999892,19.63014741100011],[-72.276499764999983,19.629852965000055],[-72.276444520999917,19.629834930000072],[-72.275651392999862,19.62939854800004],[-72.274939208999911,19.628123674000051],[-72.274835184999915,19.627508155000044],[-72.274864721999961,19.626325762000022],[-72.273699049999948,19.625946920000104],[-72.274001888999976,19.624330559000043],[-72.274002677999874,19.624326346000146],[-72.273681365999948,19.621910661000186],[-72.272445631999915,19.616086153000026],[-72.271914555999956,19.613116537000167],[-72.273473126999932,19.609402147000139],[-72.273583173999953,19.608527990000027],[-72.273869042999934,19.606265935000181],[-72.27428659799989,19.604105263000065],[-72.274495633999891,19.603006920000041],[-72.274871371999893,19.602255651000178],[-72.274890047999918,19.602218309000079],[-72.275267497999891,19.599605569999994],[-72.275260757999945,19.598918143000049],[-72.275260502999913,19.598892129000035],[-72.275025777999986,19.598121080000112],[-72.274604156999885,19.59713054700012],[-72.274102781999886,19.59635546200002],[-72.274049823999974,19.595587478000084],[-72.274049178999974,19.595578125000088],[-72.274417467999911,19.59495029600015],[-72.274421900999982,19.594942739000146],[-72.274603925999884,19.593753622000065],[-72.274464019999925,19.592442280000114],[-72.275499649999915,19.590345110000101],[-72.276683086999981,19.589658693000104],[-72.278169345999913,19.589085259000058],[-72.278335302999949,19.5882841560001],[-72.279118632999939,19.587591675000112],[-72.27812804499996,19.585879222000074],[-72.275569282999982,19.583944465000172],[-72.272780070999943,19.582692353000084],[-72.27148753299997,19.577986647000159],[-72.266762022999956,19.578583256000002],[-72.264697533999936,19.576727990000165],[-72.263606466999988,19.574210439000126],[-72.258411971999976,19.57325570800009],[-72.254775084999949,19.572577315000046],[-72.251142894999987,19.57049944400012],[-72.24734347499998,19.572102838000092],[-72.246621718999904,19.573094100000048],[-72.246554672999878,19.573129337000069],[-72.244718630999955,19.574094299000137],[-72.243732002999934,19.574973083000032],[-72.242484334999972,19.576082661000157],[-72.241234095999914,19.576216994000163],[-72.24057915599991,19.577759990000118],[-72.240655394999919,19.580551068000148],[-72.240596949999883,19.580582281000147],[-72.239929925999945,19.580938513000149],[-72.239636306999955,19.581095323000113],[-72.237108381999974,19.582419947000119],[-72.235987874999978,19.58388347500005],[-72.235496699999942,19.586981968000032],[-72.234743237999965,19.591493857000046],[-72.23383924999996,19.594775569000149],[-72.233090127999958,19.597355361999973],[-72.230952394999917,19.602577313000154],[-72.233077471999877,19.604776915000059],[-72.234177666999983,19.60618434100013],[-72.233152599999983,19.60707147300019],[-72.234853182999984,19.606799617999968],[-72.236163696999881,19.606494677000057],[-72.236692162999987,19.606791744000077],[-72.237248989999955,19.60709827200003],[-72.238244514999906,19.607944125000074],[-72.240439377999962,19.609973213000103],[-72.241496969999901,19.610531136000191],[-72.242084601999977,19.61127151400018],[-72.243336923999834,19.611588680000125],[-72.244648628999983,19.612331110000071],[-72.244510986999899,19.613141530000178],[-72.245506201999888,19.614005490000068],[-72.246228163999945,19.614693750000185],[-72.246684624999887,19.61642526900016],[-72.246285543999988,19.618035373000168],[-72.247533922999821,19.620266561000051],[-72.245653679999918,19.6215650420001],[-72.246335350999857,19.623498696000013],[-72.246434953999938,19.624367000999996],[-72.246985016999986,19.625079622000101],[-72.247393801999863,19.625690872000064],[-72.247362450999844,19.62697251000003],[-72.248042528999974,19.627885805000005],[-72.248047482999937,19.627898264000066],[-72.248353191999911,19.628667068000084],[-72.248524344999964,19.629247509999971],[-72.248858376999976,19.630336141999976],[-72.249496839999949,19.63145642000012],[-72.249944443999937,19.632032062000178],[-72.250323508999884,19.632715071000121],[-72.250419953999938,19.634323730000062],[-72.250199770999927,19.63606295500017],[-72.249989240999923,19.637793298000076],[-72.249866259999976,19.639416656000094],[-72.248729839999896,19.640672358000074],[-72.247686160999876,19.640963303999968],[-72.247630853999908,19.641413902000124],[-72.247167839999975,19.64174090500012],[-72.246753201999979,19.642023512000151],[-72.246242112999937,19.642376856000055],[-72.245388502999958,19.642302166000093],[-72.245375079999974,19.64230099100007],[-72.245366655999987,19.642300254000133],[-72.244943280999962,19.642537497000149],[-72.244975155999953,19.643025022000074],[-72.244981103999976,19.643115989000023],[-72.245047910999915,19.643667754000091],[-72.245560224999849,19.644361752000179],[-72.245264752999901,19.646036619000085],[-72.245201972999951,19.646399217000067],[-72.245169634999968,19.646585992000155],[-72.244877862999942,19.647032717000116],[-72.24483684299986,19.647095523000132],[-72.244323420999933,19.647584231000053],[-72.244400117999874,19.648118092999994],[-72.244968631999939,19.64886720800007],[-72.244946791999894,19.649589218000131],[-72.244926008999869,19.650318369000161],[-72.244922867999946,19.65042854800015],[-72.24552851899989,19.650121795000075],[-72.245374505999848,19.650769472000093],[-72.244768080999961,19.651121348000061],[-72.244147150999879,19.651120739000135],[-72.244139148999864,19.651120731000105],[-72.243422488999897,19.651227181000024],[-72.242748660999837,19.651623151000138],[-72.242815767999957,19.652156866000155],[-72.243216165999968,19.65270472200018],[-72.243188048999968,19.65323697600013],[-72.24326214499996,19.653335242000139],[-72.243504890999986,19.653657172000123],[-72.243654247999984,19.654399861000172],[-72.243062867999981,19.654426896000189],[-72.243054843999857,19.654896269000062],[-72.242930464999972,19.654918249000104],[-72.242490826999983,19.654995939000116],[-72.242327067999952,19.656212346000132],[-72.24249929399997,19.656729711000025],[-72.241983500999936,19.656794009000009],[-72.241786679999905,19.657009519000098],[-72.241284221999877,19.657559688000049],[-72.240458862999901,19.658449985000118],[-72.239998337999907,19.659183216000088],[-72.239998374999914,19.659185528000137],[-72.239999057999967,19.659228554000094],[-72.24001210299997,19.660050202000093],[-72.240180050999925,19.660378309000123],[-72.240473265999924,19.660951141999988],[-72.240451256999904,19.66099287600008],[-72.240128443999936,19.661604998000087],[-72.239295482999921,19.661826990000179],[-72.239003296999897,19.662192606000076],[-72.239452011999902,19.662705197000093],[-72.239065133999986,19.66303324900008],[-72.238438471999984,19.663447975000111],[-72.23822867899986,19.664013630999989],[-72.237563592999891,19.664445816000125],[-72.237183815999913,19.664918495000109],[-72.236343328999908,19.665573652000035],[-72.236335735999887,19.665582225000094],[-72.235672735999856,19.66633080500003],[-72.23522708999991,19.666748304000066],[-72.234251381999911,19.667509780000159],[-72.233895244999871,19.667910318000111],[-72.233823737999899,19.667990740000164],[-72.233410224999886,19.668760870000142],[-72.233277321999878,19.669282477000024],[-72.233396822999907,19.671207514000059],[-72.233837171999937,19.672207446000186],[-72.232964637999942,19.674171358000137],[-72.232978560999982,19.675580050000178],[-72.232989668999892,19.676040687000182],[-72.232948427999929,19.676780443000098],[-72.232919766999885,19.677890498000011],[-72.232580533999965,19.678219356000056],[-72.232218680999949,19.679306309000026],[-72.231913675999976,19.679861367000115],[-72.231864701999882,19.68049267900011],[-72.232164288999911,19.681364067999993],[-72.232414896999956,19.681756092000114],[-72.232859911999981,19.682485291000148],[-72.233235266999884,19.683384928000066],[-72.233160794999947,19.683835218000013],[-72.232440340999915,19.68415819500018],[-72.232674303999943,19.684965384000122],[-72.233479891999878,19.685790412000131],[-72.23445843199994,19.686536860999979],[-72.236688519999973,19.688232454000058],[-72.238176792999923,19.689275689000112],[-72.23883624399997,19.689728253000112],[-72.239761418999933,19.69025711800009],[-72.240444994999905,19.690971921000141],[-72.240437565999912,19.691405192000047],[-72.240430445999948,19.691820414999995],[-72.241207649999978,19.693195717000094],[-72.241284902999951,19.693330893000109],[-72.241284934999953,19.693330950000188],[-72.241624125999977,19.693924462000098],[-72.242023289999963,19.694553552999992],[-72.242436215999987,19.695489864000137],[-72.242578833999971,19.696191024000029],[-72.242629649999913,19.696440855000048],[-72.242630184999882,19.696964610000123],[-72.242350839999972,19.697691592000069],[-72.242005925999933,19.698345440000139],[-72.24193811299989,19.698967350000089],[-72.241815326999983,19.699453101000017],[-72.241740390999894,19.700490233000039],[-72.241701700999897,19.700855649999994],[-72.24168364499991,19.701026186999968],[-72.241593162999948,19.701880759000176],[-72.241592458999889,19.701887412000133],[-72.241571938999982,19.701953761000027],[-72.241208937999886,19.703127509000126],[-72.240949583999907,19.704351459000122],[-72.240005566999969,19.705474600000059],[-72.239302780999935,19.706429847000152],[-72.239295725999966,19.70643508600017],[-72.239287703999821,19.706441044000087],[-72.23823086799996,19.707225947000154],[-72.237722222999878,19.707976556000176],[-72.237428693999902,19.708414444000141],[-72.236894536999955,19.708984028000032],[-72.236684889999935,19.709531531000096],[-72.236927319999836,19.710402036999994],[-72.236507121999978,19.711000546000093],[-72.236469247999935,19.712092403999975],[-72.237344960999906,19.712728944999981],[-72.238067482999952,19.712297669000179],[-72.238989077999975,19.712483380000037],[-72.239309669999955,19.712136176000058],[-72.239856343999975,19.711946002000161],[-72.240039235999916,19.711289668000177],[-72.240157720999946,19.710496938000119],[-72.240287728999874,19.709587033999981],[-72.241415008999979,19.708900190000179],[-72.244296448999933,19.708213139999998],[-72.246503035999979,19.710188216000176],[-72.247358537999958,19.71200721200006],[-72.247397511999964,19.712513414],[-72.248176246999947,19.713807479000081],[-72.249164135999877,19.714021240000079],[-72.248989937999852,19.714731882000081],[-72.249059003999946,19.715708042000188],[-72.249256965999905,19.716397316000041],[-72.250409440999988,19.717579760000149],[-72.251271412999984,19.718468787000063],[-72.252136635999989,19.719168203000038],[-72.250906878999899,19.720828730000051],[-72.249615685999913,19.721621528000071],[-72.249590584999964,19.721627887000182],[-72.247767489999944,19.722089722000078],[-72.247997774999988,19.723673348000034],[-72.24820331799998,19.725030830000094],[-72.247866704999979,19.725757027000043],[-72.247013450999987,19.726583608000112],[-72.245565295999825,19.727075975000105],[-72.245415259999845,19.728039737000074],[-72.245085352999979,19.728928517000099],[-72.248038220999888,19.72966014400015],[-72.248244303999968,19.732101146000161],[-72.251026191999927,19.740035113000147],[-72.253723824999952,19.73953480300014],[-72.257481927999947,19.740034828000034],[-72.261500516999888,19.73923859000007],[-72.265972871999907,19.739794498000037],[-72.267886427999883,19.740537033000123],[-72.268772246999902,19.741155458000037],[-72.26785137599984,19.743154904000107],[-72.267237277999982,19.745059640000136],[-72.265972345999955,19.745419551000168],[-72.2642089389999,19.746494182000163],[-72.26227530999995,19.745805458000177],[-72.260837597999853,19.745115367000039],[-72.259780244999945,19.745604789000026],[-72.258062798999958,19.746219498000187],[-72.256687592999924,19.74745345600013],[-72.257067308999979,19.750899304000143],[-72.256996474999823,19.753372170000091],[-72.256991106999976,19.754798721999975],[-72.257103177999966,19.757165978000103],[-72.257591201999901,19.758744526000157],[-72.259131729999922,19.759562698000025],[-72.261139864999905,19.760920706000093],[-72.262466697999969,19.762530053000091],[-72.265565113999855,19.763715134000051],[-72.266880737999884,19.763744271000064],[-72.267650730999947,19.762771901000065],[-72.269205237999927,19.761657955000089],[-72.270730002999983,19.76172636400014],[-72.271310645999961,19.762349248000191],[-72.271357796999951,19.764065482000035],[-72.273094662999881,19.764001611000026],[-72.274207589999946,19.763052492000099],[-72.275429226999961,19.762998889000187],[-72.276236322999921,19.764329416000066],[-72.277539316999935,19.765107718000138],[-72.277781252999944,19.766023324000059],[-72.280734122999945,19.765679990000081],[-72.282417396999961,19.765967456000055],[-72.282780296999874,19.767065440000124],[-72.28488428299994,19.768415639000182],[-72.285476441999947,19.767801663],[-72.285813006999888,19.767075387000148],[-72.286538285999939,19.766490508000174],[-72.286890621999987,19.765394263000132],[-72.288821905999953,19.763987953000139],[-72.292847076999976,19.765656136000018],[-72.29487976899992,19.765587504000052],[-72.295694449999985,19.7647872820001],[-72.297045430999958,19.762721954000085],[-72.299646660999883,19.762300764000088],[-72.302255078999963,19.760886368000115],[-72.30390114599993,19.761118905000046],[-72.304006692999963,19.762212981000175],[-72.304484087999924,19.762184065999975],[-72.305066640999883,19.761569869000084],[-72.306370503999972,19.761733947000153]]]},"properties":{"FID":3,"adm2_name":"Plaine du Nord","adm2_name1":"Plaine du Nord","adm2_name2":" ","adm2_name3":" ","adm2_pcode":"HT0322","adm1_name":"North","adm1_name1":"Nord","adm1_name2":"Nò","adm1_name3":" ","adm1_pcode":"HT03","adm0_name":"Haiti","adm0_name1":"Haïti","adm0_name2":"Ayiti","adm0_name3":" ","adm0_pcode":"HT","valid_on":1543449600000,"valid_to":null,"area_sqkm":100.67229492,"version":"v01","lang":"en","lang1":"fr","lang2":"ht","lang3":" ","adm2_ref_n":"Plaine du Nord","center_lat":19.6705723,"center_lon":-72.259706940000001}},{"type":"Feature","id":4,"geometry":{"type":"Polygon","coordinates":[[[-72.093881695999983,19.62145276800004],[-72.09347859699983,19.62320680800002],[-72.093491520999919,19.626195306000056],[-72.094145301999902,19.626928052000096],[-72.094434059999912,19.627293853000083],[-72.097459896999908,19.628579563000073],[-72.10048953699993,19.630190323000079],[-72.102434683999945,19.631702240000038],[-72.102936304999957,19.632423573000153],[-72.104410110999936,19.633657094000171],[-72.104909040999928,19.633999097000128],[-72.105599671999983,19.634272066000051],[-72.106097473999966,19.634677322000186],[-72.107086696999886,19.634774476000075],[-72.107475148999981,19.634898066000176],[-72.108824880999919,19.635082336000096],[-72.110160245999907,19.634471784000027],[-72.110204833999887,19.633578722000038],[-72.110204028999988,19.632025922000025],[-72.110006737999925,19.631336575999967],[-72.109567790999961,19.629776645000163],[-72.109474961999979,19.629107121000175],[-72.109016339999982,19.628115618000095],[-72.108354266999982,19.627310575000024],[-72.108682459999955,19.626006774000075],[-72.109011856999928,19.624639717000036],[-72.108345869999823,19.623518604000083],[-72.108349614999952,19.622778331000006],[-72.109141001999888,19.622213279000164],[-72.109594867999874,19.621344843000088],[-72.110382228999981,19.620472737000057],[-72.111373409999942,19.619919817000095],[-72.112094280999884,19.620102979000023],[-72.112918748999903,19.619285612000112],[-72.113471640999933,19.618734672000016],[-72.112926596999955,19.617777987000181],[-72.112150919999976,19.616402302000154],[-72.111556471999904,19.614478740000152],[-72.112507222999966,19.611920964999968],[-72.112472051999987,19.610692645000142],[-72.111554903999945,19.609766006000143],[-72.110890446999974,19.609628974000145],[-72.109281824999982,19.607950981000158],[-72.108059985999887,19.607019524000066],[-72.107367652999983,19.605780560000028],[-72.106740389999857,19.60463299200012],[-72.106077201999938,19.603891027000145],[-72.105750387999933,19.602991994999968],[-72.106009154999924,19.602373163000095],[-72.106243853999899,19.601501207000069],[-72.10693114299994,19.599823980000167],[-72.107424782999885,19.599389533000192],[-72.108439671999861,19.598575234000009],[-72.109528230999956,19.597897595000177],[-72.110445573999982,19.597740726999973],[-72.110739659999979,19.597275987999978],[-72.110977698999989,19.596747165000011],[-72.111991910999961,19.595968937000123],[-72.112322143999904,19.595613089000153],[-72.112435767999898,19.594585733000088],[-72.112877682999965,19.593843454000023],[-72.113042917999962,19.593123817999981],[-72.113357838999889,19.592560117000176],[-72.113831547999951,19.591637817000048],[-72.115821239999889,19.591173146000074],[-72.118789130999971,19.589270498000189],[-72.121169073999965,19.58882102900003],[-72.121717262999937,19.587457510000092],[-72.122141408999937,19.585568298000112],[-72.12060873199988,19.582835365000051],[-72.118385902999933,19.579811485000107],[-72.120025261999842,19.574935384000185],[-72.115285736999908,19.575247736999984],[-72.11456160399996,19.572590893000097],[-72.111990329999912,19.570428090000121],[-72.110996632999957,19.567396753000025],[-72.111256803999879,19.564557091000097],[-72.111710898999888,19.561521774000028],[-72.114073843999904,19.558796996000183],[-72.113556563999907,19.557894933000057],[-72.11288572199993,19.55812790900012],[-72.112350121999953,19.558254822000094],[-72.112051855999937,19.558421548000183],[-72.111685238999883,19.55868655800009],[-72.111168405999933,19.559364373000108],[-72.11087053499989,19.559513140000092],[-72.110507376999976,19.559579534000079],[-72.110158460999969,19.559384392000084],[-72.109888519999913,19.559036978000108],[-72.109627518999901,19.558716785000001],[-72.109393166999951,19.558505425000135],[-72.108924384999909,19.558624282000096],[-72.108814497999958,19.55891136200006],[-72.108618466999985,19.559224231000087],[-72.10812094299996,19.559408721000068],[-72.108081573999982,19.559423320000121],[-72.107876123999858,19.559194278000177],[-72.10756513299998,19.558476125000027],[-72.107260102999874,19.5579565540001],[-72.107078809999962,19.55743905900016],[-72.106937285999891,19.55683193800013],[-72.106760580999946,19.556594330000166],[-72.10622185099993,19.55636003300009],[-72.10588508099994,19.556021903000158],[-72.105828914999847,19.555965510000192],[-72.105900731999839,19.555145089000064],[-72.10593978299994,19.554558827000051],[-72.105766869999968,19.554104648000077],[-72.105553377999968,19.55379433000013],[-72.105206254999928,19.553499831000011],[-72.104912420999938,19.553422906000151],[-72.104475385999933,19.552829005000092],[-72.103998662999913,19.552324819000148],[-72.103523460999952,19.552272060000121],[-72.103113706999977,19.552283536000004],[-72.102815698999848,19.551908584000103],[-72.102926719999971,19.551558252000063],[-72.103471647999925,19.550907991000145],[-72.104102778999845,19.550764673000003],[-72.104263144999948,19.550315843000192],[-72.104336415999967,19.549414120000108],[-72.104072860999963,19.54923839200012],[-72.10322809399986,19.549080414000002],[-72.102813685999934,19.548820936000027],[-72.10249305799988,19.548644289000094],[-72.101779829999941,19.548587706000092],[-72.101323801999968,19.548526134000156],[-72.101271179999969,19.547739914000147],[-72.101395410999942,19.547182100000157],[-72.101566484999978,19.546670260000099],[-72.101411537999923,19.546279552000101],[-72.100851269999907,19.546189318000074],[-72.100529036999831,19.546102906000044],[-72.100276360999885,19.545855047000032],[-72.100348600999894,19.545007559000112],[-72.100866789999884,19.544257496000114],[-72.101197726999885,19.543856629000061],[-72.101275989999976,19.543207814000141],[-72.101055038999903,19.542779942000095],[-72.100464189999968,19.542806558000166],[-72.100207305999959,19.543326044000139],[-72.09983403699988,19.54342845299999],[-72.099361929999986,19.543204147000097],[-72.099160706999953,19.542740485000081],[-72.09902548999986,19.542313988000046],[-72.09882362299993,19.541886420000026],[-72.09859929299995,19.54164804200002],[-72.098032610999951,19.541386199000158],[-72.097870622999949,19.5403272530001],[-72.097690419999878,19.539755613000068],[-72.097461436999936,19.539246372000093],[-72.097384266999939,19.538766650000184],[-72.097191202999966,19.537851715000102],[-72.096961577999878,19.537378568000122],[-72.096854137999969,19.536997649000114],[-72.096873161999952,19.536465226000189],[-72.097186145999899,19.536000803000036],[-72.097616651999886,19.535357742000031],[-72.097669950999943,19.535042590000103],[-72.09732868899988,19.534423230000186],[-72.098215643999822,19.532216485000106],[-72.097873577999849,19.531642244000125],[-72.098517620999928,19.530767839000134],[-72.099471211999969,19.530160253000133],[-72.100536274999968,19.529707807000023],[-72.101218113999892,19.529384778000008],[-72.102038715999925,19.52928954000015],[-72.102588466999975,19.528901113000074],[-72.103069882999989,19.528069208999966],[-72.103032861999964,19.526940148999984],[-72.103639102999921,19.52391640500008],[-72.102815554999836,19.52310870600013],[-72.101858002999904,19.522343986999999],[-72.101243414999942,19.521566713000027],[-72.10065949799997,19.520672589000128],[-72.100304166999877,19.519773105000127],[-72.09997636199995,19.518937247000054],[-72.09966014299988,19.518516873000067],[-72.098839208999891,19.518097423000029],[-72.098332004999918,19.517710086000022],[-72.098023998999963,19.517362142000025],[-72.097538519999944,19.517354346000104],[-72.096823174999884,19.517424092000169],[-72.096169089999933,19.517260046000104],[-72.095764826999982,19.516973737000114],[-72.095350128999939,19.516199660000098],[-72.093928192999897,19.515319128000101],[-72.093536642999936,19.513787036000167],[-72.093613721999986,19.513712907000183],[-72.094321375999925,19.51303233200008],[-72.094685020999975,19.512397134000082],[-72.095000232999951,19.511273648000042],[-72.09455802399998,19.510445062000031],[-72.093876444999978,19.510226413000169],[-72.093321471999957,19.509847324000134],[-72.093421299999989,19.50745652400002],[-72.093317419999892,19.505279078000171],[-72.093424564999964,19.504612678000115],[-72.093239365999921,19.503255492999983],[-72.09306146299997,19.50255743200006],[-72.092849987999955,19.502138735000131],[-72.091968839999879,19.500833545000148],[-72.091075006999972,19.499176035000119],[-72.091133276999926,19.497515783999972],[-72.089579950999905,19.496533835000037],[-72.089131050999981,19.495551598000191],[-72.087360651999973,19.494466762000116],[-72.086245748999943,19.492932134000171],[-72.084605952999937,19.491470279000112],[-72.082968401999892,19.490414627000177],[-72.079246546999968,19.488801721000129],[-72.076082240999938,19.488479829000141],[-72.075662421999823,19.488003595000123],[-72.074990784999954,19.487234361999981],[-72.074359649999963,19.486863024000002],[-72.073621476999961,19.48609271100014],[-72.072913251999978,19.485774368000023],[-72.071950296999887,19.485325446000161],[-72.07131885299998,19.484972145000143],[-72.070817015999921,19.484295910000071],[-72.070352349999951,19.483665496000128],[-72.069808071999944,19.483232367000085],[-72.069098330999907,19.482995132000099],[-72.068714819999968,19.482618760000037],[-72.068279039999879,19.482503388000055],[-72.067252954999901,19.482920106999984],[-72.066600751999943,19.482665833000112],[-72.066436923999959,19.482247886000096],[-72.066055759999983,19.482268786000191],[-72.064782482999931,19.481083505000072],[-72.06479775299988,19.480767749999984],[-72.064556673999903,19.480411733000096],[-72.063934922999977,19.480049632000089],[-72.062980192999873,19.480205638000029],[-72.06276898599998,19.479777895999973],[-72.063230688999965,19.478981886000042],[-72.062121382999976,19.477681912000094],[-72.062596777999943,19.477184077000061],[-72.062994749999916,19.476757193000083],[-72.063482968999892,19.47607895100009],[-72.063756452999883,19.475695174000066],[-72.064098430999934,19.475204196000107],[-72.064288174999888,19.474710749000053],[-72.064166971999896,19.474040762000129],[-72.063231776999885,19.473646410000185],[-72.062838401999954,19.473287922000168],[-72.06254191599993,19.472840744000109],[-72.062735079999925,19.47215771499998],[-72.063056435999954,19.471756664000111],[-72.063325763999956,19.4715985630001],[-72.063899305999882,19.471463356000186],[-72.064152872999898,19.471657106000066],[-72.064640023999971,19.47190242400012],[-72.064671625999949,19.471918338000023],[-72.065321586999971,19.472298942000066],[-72.065847738999878,19.472154026000169],[-72.066205357999934,19.471852843000022],[-72.066616538999938,19.471218561000114],[-72.067115030999958,19.470495341000117],[-72.067310119999945,19.46970402300019],[-72.067197503999921,19.469088334000162],[-72.067180477999955,19.468447024],[-72.066731286999982,19.46749182800005],[-72.066397313999971,19.467007944000159],[-72.066761755999948,19.466052702000184],[-72.067006650999929,19.465410805999966],[-72.067571986999837,19.464147007000122],[-72.067940538999949,19.463764760000061],[-72.06827038299997,19.463417991000028],[-72.069015424999975,19.462743972000112],[-72.069774339999981,19.46219224500004],[-72.070278789999975,19.461825513000065],[-72.070659336999938,19.461307970000178],[-72.070781611999905,19.460858551000172],[-72.07090875199998,19.460138425000082],[-72.070933628999967,19.459872154000038],[-72.071014869999942,19.459002577000092],[-72.070917498999961,19.45859473600018],[-72.070621418999906,19.458120500000007],[-72.069816272999901,19.456843551000134],[-72.069731882999918,19.456246371000134],[-72.069712895999942,19.455713341999967],[-72.069926609999982,19.455473092000034],[-72.071302707999962,19.455693915000097],[-72.071932495999931,19.455604806000053],[-72.073341047999861,19.455609508999999],[-72.073926708999977,19.455853738000087],[-72.074931550999906,19.456610198000135],[-72.075429026999871,19.456997418000185],[-72.076292615999989,19.457670446000122],[-72.076888186999895,19.457896685000094],[-72.076976437999917,19.457906784000102],[-72.077110083999969,19.457922077000035],[-72.077439124999898,19.457959729000152],[-72.078218714999934,19.458008407000079],[-72.078823136999858,19.458270977000154],[-72.079778010999974,19.45862945600004],[-72.080112380999935,19.458562636000011],[-72.080411690999938,19.458323662000168],[-72.080444782999905,19.458250782000164],[-72.080639575999953,19.457821777000106],[-72.080810903999918,19.457291901000133],[-72.080960576999985,19.456906096000068],[-72.081327465999948,19.456614050999974],[-72.08179651599994,19.456468161000032],[-72.082485610999925,19.456253512000103],[-72.083042521999914,19.455982666000068],[-72.083935655999937,19.455536524000081],[-72.084346884999945,19.454893163000065],[-72.084210486999837,19.454006218000131],[-72.084556611999972,19.453490934000115],[-72.085002435999968,19.452827226000124],[-72.085365298999989,19.452228215000048],[-72.085767503999875,19.451557534000017],[-72.086260183999968,19.450527846000114],[-72.086380509999969,19.450276368000061],[-72.086750113999983,19.449830907000091],[-72.087505965999924,19.449075643000128],[-72.087998328999959,19.448686309000038],[-72.089651589999903,19.447241311000028],[-72.089504102999967,19.448575101000074],[-72.090134023999951,19.44847690000006],[-72.090697736999971,19.4483504640001],[-72.091249458999926,19.448368345000063],[-72.091491853999912,19.448119499000086],[-72.091764338999894,19.447780783000098],[-72.091943660999902,19.447332255000106],[-72.091806576999943,19.447014046000163],[-72.091418732999898,19.446881456000028],[-72.091028957999981,19.446857148000163],[-72.090061240999944,19.446688170000016],[-72.089375336999979,19.446722289000093],[-72.088806729999988,19.446586700000182],[-72.088260813999852,19.446243960000061],[-72.087831072999904,19.445794590000162],[-72.087450648999948,19.445246812000164],[-72.087073773999975,19.444500424000012],[-72.086807154999917,19.443812793000063],[-72.086746216999927,19.443655629000034],[-72.086022617999845,19.44313835000014],[-72.084994771999959,19.442607241000132],[-72.084461836999935,19.44207505900016],[-72.083994307999887,19.441607111000167],[-72.083275887999946,19.440801067000109],[-72.0829587099999,19.440443850999998],[-72.082214052999916,19.440043652000043],[-72.081497438999975,19.440203707000023],[-72.080922371999975,19.440961769000069],[-72.080811703999984,19.441826684000148],[-72.080767480999953,19.442701785000168],[-72.080466266999906,19.443048957000087],[-72.079736915999945,19.443389322000087],[-72.079406291999987,19.443248603000086],[-72.079100874999938,19.442765204000182],[-72.079061089999982,19.441265853000175],[-72.079200523999987,19.439859741000191],[-72.079523055999971,19.438321094000173],[-72.079040156999952,19.437121677000107],[-72.078416743999981,19.436858809000057],[-72.077645615999927,19.436873464000087],[-72.076817454999912,19.436887194000178],[-72.075595152999938,19.436587585000154],[-72.074761465999984,19.436375563000013],[-72.074070648999907,19.436156727000025],[-72.073486160999948,19.435316796999984],[-72.072865270999841,19.434918562000178],[-72.071283534999964,19.435028418000059],[-72.068703038999956,19.435113093000041],[-72.067877404999876,19.434982406000131],[-72.067073025999946,19.434734630000037],[-72.065841033999959,19.436032787000102],[-72.065097493999986,19.436634712000057],[-72.064404497999931,19.437065865000136],[-72.064091822999899,19.437521225000125],[-72.064170464999961,19.438021602000049],[-72.064211316999945,19.438281533000179],[-72.064595700999973,19.438603760000092],[-72.065252272999942,19.439137992000042],[-72.065805490999935,19.439598341000078],[-72.06656559299995,19.440197429000079],[-72.067165139999986,19.440198101000135],[-72.067961426999886,19.439840818000107],[-72.068752761999917,19.439763351000011],[-72.0691735179999,19.440709051000113],[-72.069146027999864,19.441710780000108],[-72.068999679999934,19.442439621000119],[-72.068539512999962,19.443154452000044],[-72.067425986999922,19.443687127000146],[-72.06650611799995,19.444033380000121],[-72.065698768999937,19.445004341000072],[-72.065361175999954,19.445251697999993],[-72.064684532999934,19.445303925000132],[-72.064154011999904,19.445168969000179],[-72.063557208999896,19.445014885000035],[-72.062407345999986,19.444391326000073],[-72.061234441999943,19.443993130000138],[-72.060373651999953,19.443699365999976],[-72.059370886999943,19.443367100000046],[-72.058365715999969,19.442637553000168],[-72.057733105999944,19.441832812000087],[-72.057398336999881,19.440870437000171],[-72.056408429999863,19.440348818000075],[-72.054573605999906,19.439321323000058],[-72.054034208999951,19.439019263000091],[-72.052224562999982,19.438050965000116],[-72.050705518999962,19.437322054000106],[-72.050193124999964,19.437241512000185],[-72.049847018999913,19.43743445399997],[-72.049076198999899,19.43848725100014],[-72.04826017299996,19.438880231000155],[-72.047498544999939,19.438894909000112],[-72.046659819999888,19.438438886000142],[-72.04605584299992,19.437634580000008],[-72.045862708999948,19.436737680000078],[-72.04576883999988,19.436140254000179],[-72.04522763999995,19.43554465800014],[-72.044714020999947,19.435003665000011],[-72.044486117999895,19.433925586999976],[-72.04434208299989,19.43294825300012],[-72.04407729199994,19.432330081000146],[-72.042877784999973,19.43235565700013],[-72.041876123999941,19.43249276500012],[-72.040756638999881,19.432303011000045],[-72.039893178999932,19.432162467000126],[-72.038402715999894,19.432490238000184],[-72.037769582999886,19.432245225000031],[-72.037502933999974,19.431735236000065],[-72.037460235999959,19.430940165000095],[-72.037409192999917,19.430081687000097],[-72.036847095999974,19.429594040000154],[-72.036009740999873,19.430112980000104],[-72.035456059999888,19.430212243000085],[-72.034910151999952,19.430401890000041],[-72.034724422999943,19.430559029000165],[-72.034533274999944,19.43072075300006],[-72.033918363999931,19.431568342000105],[-72.033290799999975,19.431540027000153],[-72.032863065999948,19.431505944000094],[-72.032578143999956,19.431483240000148],[-72.032026839999844,19.431447141000092],[-72.031465602999958,19.431961550000096],[-72.031341206999969,19.432519301000184],[-72.030879755999877,19.432868690000021],[-72.030839458999935,19.432899201000168],[-72.030322991999981,19.4330442750001],[-72.029633925999917,19.433782322000127],[-72.029386873999897,19.434283815000128],[-72.02907167199993,19.43483827700004],[-72.028944488999969,19.435062001000063],[-72.028586739999866,19.435372046000055],[-72.028160742999944,19.435771321000118],[-72.027774599999987,19.436071962000028],[-72.027613121999934,19.43619633000003],[-72.027349912999853,19.436399049000045],[-72.026776028999961,19.437084723000112],[-72.026348869999879,19.437547244000086],[-72.025990618999913,19.437884352000083],[-72.025593821999962,19.43824799500004],[-72.025051361999829,19.438771711000072],[-72.024342689999969,19.439536487000112],[-72.023894886999983,19.440088920000051],[-72.023294643999975,19.440647786000113],[-72.022899645999871,19.440912166000146],[-72.022323237999956,19.441209578000041],[-72.02185107299988,19.44152684400018],[-72.021264673999951,19.441851256000007],[-72.020583438999893,19.442156056000044],[-72.020054729999913,19.442445219000035],[-72.019742201999918,19.44257138800009],[-72.019431515999884,19.442696813999987],[-72.018876632999877,19.442859180000141],[-72.018083804999947,19.443017722000093],[-72.017434418999926,19.443142426000122],[-72.01695447499992,19.443369291000124],[-72.016568624999877,19.443651767000063],[-72.016185167999936,19.444322572000033],[-72.016113730999905,19.444448474000183],[-72.015870537999945,19.444877082000119],[-72.015758708999954,19.44509445000017],[-72.015663289999964,19.445279922000054],[-72.015529945999901,19.445337695000092],[-72.01457933599994,19.44574955600018],[-72.013477138999974,19.446173752999982],[-72.012843417999932,19.446479303000046],[-72.012065665999899,19.446854682000151],[-72.012054471999932,19.446860727000171],[-72.011627789999977,19.447091181000076],[-72.011546585999952,19.447135040000035],[-72.011104178999915,19.447389492000127],[-72.010372717999985,19.447837833000051],[-72.009321741999884,19.448578838000117],[-72.008770532999847,19.449057222000135],[-72.007989559999885,19.449089460000096],[-72.007321690999959,19.448663159000091],[-72.006943709999859,19.447997949000126],[-72.006818777999911,19.447544508000192],[-72.006802088999962,19.447509935000085],[-72.006607923999979,19.447107700999993],[-72.006286818999968,19.446452364000038],[-72.005085248999933,19.446586042000092],[-72.00443563399989,19.446205163000116],[-72.004036672999916,19.445977611000103],[-72.004011752999986,19.445963398000117],[-72.003222962999928,19.445905230999983],[-72.002595317999976,19.446400383000082],[-72.003081699999882,19.448412585000142],[-72.003448885999887,19.449664475000191],[-72.003653219999933,19.45097685200011],[-72.003806948999852,19.452450856000041],[-72.004341431999933,19.453922220000095],[-72.005078571999888,19.45524340500009],[-72.005600517999937,19.456877022000185],[-72.006142864999958,19.458438680000086],[-72.007213180999941,19.459756340000013],[-72.007695973999944,19.460937932000093],[-72.008761843999935,19.462499297000022],[-72.009377305999976,19.463710064000111],[-72.010115382999913,19.464462541000103],[-72.010595092999893,19.46529198200011],[-72.010839557999986,19.465973129000076],[-72.01142675899996,19.46665081499998],[-72.011510841999893,19.467257109000059],[-72.011824247999982,19.467812942000137],[-72.01215810399998,19.468811464000169],[-72.012552891999974,19.46960339900005],[-72.012852341999974,19.470402786000022],[-72.013829218999888,19.470590389000165],[-72.013838559999954,19.470599562000132],[-72.014278020999882,19.47103111600012],[-72.014871437999886,19.471889503],[-72.015152408999938,19.472661506000009],[-72.016557238999837,19.472874293000132],[-72.017473458999973,19.473259445000053],[-72.018548337999903,19.473818876000053],[-72.020352158999856,19.474074217000123],[-72.021837094999967,19.475109811000038],[-72.022380376999877,19.476111769000113],[-72.023646759999963,19.478172881000148],[-72.023632166999903,19.479490682000005],[-72.023565069999961,19.481078484000136],[-72.023775690999969,19.483095065999976],[-72.024244959999976,19.485025734000033],[-72.024359498999956,19.487609544000122],[-72.024543874999949,19.490022920000172],[-72.024356729999909,19.492448329000013],[-72.025224871999967,19.493907009000111],[-72.025090055999897,19.494509703000062],[-72.024414537999974,19.495313347000092],[-72.024408920999974,19.49532002900014],[-72.023537975999943,19.496091125000135],[-72.023084370999982,19.496950317000028],[-72.023074330999918,19.496950697000045],[-72.021588743999928,19.497006927000086],[-72.019311829999936,19.497095779000176],[-72.01788779899988,19.498959142000047],[-72.016977059999931,19.5003433870001],[-72.01668244699988,19.500835034000033],[-72.015966139999932,19.501996835000114],[-72.01483548899995,19.503431589000172],[-72.013192381999943,19.505291285000055],[-72.011790677999954,19.506965321000166],[-72.010786245999896,19.508781298000031],[-72.009723325999971,19.510668505000126],[-72.010170580999954,19.511714131000133],[-72.01070889399989,19.512986904000059],[-72.012415453999893,19.51492893600016],[-72.014961325999934,19.517832795000174],[-72.01612973399989,19.519016683000075],[-72.016397039999902,19.520014110000091],[-72.017136466999887,19.521741571000121],[-72.017779694999888,19.523530624000045],[-72.019041658999981,19.525844445000132],[-72.020009401999914,19.527070133999985],[-72.020214628999952,19.527317708000055],[-72.021891095999933,19.529340101000173],[-72.023525447999873,19.531082301000083],[-72.025434486999984,19.533424809000053],[-72.026456654999947,19.534804809000036],[-72.027367842999979,19.536526050000077],[-72.029051958999901,19.537637136000171],[-72.030391640999881,19.538318150000009],[-72.032650826999941,19.538707392999981],[-72.035844627999893,19.541107120000049],[-72.040735481999889,19.543922743000053],[-72.044450297999958,19.54700791700003],[-72.046840282999824,19.549638019000042],[-72.048611306999987,19.553837873000077],[-72.048114058999943,19.556041540000081],[-72.047439228999906,19.557538188000137],[-72.046287318999987,19.55908108400007],[-72.044860952999898,19.560005622000176],[-72.044525526999962,19.56116473700007],[-72.044048434999922,19.562258349000103],[-72.04385712699991,19.56334752700019],[-72.044324776999986,19.564339284000084],[-72.045415427999956,19.564591829000108],[-72.047052417999964,19.565178336000031],[-72.048196504999964,19.566154084000118],[-72.049320896999973,19.56665094900012],[-72.049803645999987,19.567859566000038],[-72.04981983499988,19.569584142999986],[-72.048828919999949,19.571174810000059],[-72.048043967999945,19.573482161000129],[-72.048213645999965,19.574622473000147],[-72.049338549999959,19.575615869000103],[-72.051608008999949,19.577043267000079],[-72.053436352999881,19.578111418000049],[-72.054801420999922,19.579514969000115],[-72.056170185999974,19.581243597000139],[-72.056330566999975,19.582898327999999],[-72.057140870999888,19.585484501000053],[-72.059479093999983,19.586804634000089],[-72.06151079599988,19.58822805200009],[-72.063161691999881,19.589636218000066],[-72.064602283999989,19.590562477000049],[-72.066389114999936,19.592361042000107],[-72.068527099999983,19.593704892000119],[-72.069626030999984,19.594038774000012],[-72.071860171999901,19.594282797000062],[-72.075120081999955,19.594173203000025],[-72.078542542999912,19.594553775000065],[-72.080907733999936,19.595982412000069],[-72.083205296999949,19.597996805000037],[-72.08536093399988,19.601019984000175],[-72.087765302999969,19.605572856000094],[-72.089533391999964,19.608436288000064],[-72.09085769099994,19.611608453000088],[-72.090514130999964,19.614284296000051],[-72.090303916999972,19.616438598000116],[-72.090966092999963,19.617758365000157],[-72.091949098999919,19.619254813000168],[-72.093881695999983,19.62145276800004]]]},"properties":{"FID":4,"adm2_name":"Sainte Suzanne","adm2_name1":"Sainte Suzanne","adm2_name2":" ","adm2_name3":" ","adm2_pcode":"HT0432","adm1_name":"North-East","adm1_name1":"Nord-Est","adm1_name2":"Nòdès","adm1_name3":" ","adm1_pcode":"HT04","adm0_name":"Haiti","adm0_name1":"Haïti","adm0_name2":"Ayiti","adm0_name3":" ","adm0_pcode":"HT","valid_on":1543449600000,"valid_to":null,"area_sqkm":128.29895644999999,"version":"v01","lang":"en","lang1":"fr","lang2":"ht","lang3":" ","adm2_ref_n":"Sainte Suzanne","center_lat":19.532820650000001,"center_lon":-72.061457469999993}},{"type":"Feature","id":5,"geometry":{"type":"Polygon","coordinates":[[[-72.007902901999898,19.524215910000123],[-72.01006600799991,19.524639919000094],[-72.012031370999978,19.524943298000039],[-72.014468486999931,19.525480097000184],[-72.019041658999981,19.525844445000132],[-72.017779694999888,19.523530624000045],[-72.017136466999887,19.521741571000121],[-72.016397039999902,19.520014110000091],[-72.01612973399989,19.519016683000075],[-72.014961325999934,19.517832795000174],[-72.012415453999893,19.51492893600016],[-72.01070889399989,19.512986904000059],[-72.010170580999954,19.511714131000133],[-72.009723325999971,19.510668505000126],[-72.010786245999896,19.508781298000031],[-72.011790677999954,19.506965321000166],[-72.013192381999943,19.505291285000055],[-72.01483548899995,19.503431589000172],[-72.015966139999932,19.501996835000114],[-72.01668244699988,19.500835034000033],[-72.016977059999931,19.5003433870001],[-72.01788779899988,19.498959142000047],[-72.019311829999936,19.497095779000176],[-72.021588743999928,19.497006927000086],[-72.023074330999918,19.496950697000045],[-72.023084370999982,19.496950317000028],[-72.023537975999943,19.496091125000135],[-72.024408920999974,19.49532002900014],[-72.024414537999974,19.495313347000092],[-72.025090055999897,19.494509703000062],[-72.025224871999967,19.493907009000111],[-72.024356729999909,19.492448329000013],[-72.024543874999949,19.490022920000172],[-72.024359498999956,19.487609544000122],[-72.024244959999976,19.485025734000033],[-72.023775690999969,19.483095065999976],[-72.023565069999961,19.481078484000136],[-72.023632166999903,19.479490682000005],[-72.023646759999963,19.478172881000148],[-72.022380376999877,19.476111769000113],[-72.021837094999967,19.475109811000038],[-72.020352158999856,19.474074217000123],[-72.018548337999903,19.473818876000053],[-72.017473458999973,19.473259445000053],[-72.016557238999837,19.472874293000132],[-72.015152408999938,19.472661506000009],[-72.014871437999886,19.471889503],[-72.014278020999882,19.47103111600012],[-72.013838559999954,19.470599562000132],[-72.013829218999888,19.470590389000165],[-72.012852341999974,19.470402786000022],[-72.012552891999974,19.46960339900005],[-72.01215810399998,19.468811464000169],[-72.011824247999982,19.467812942000137],[-72.011510841999893,19.467257109000059],[-72.01142675899996,19.46665081499998],[-72.010839557999986,19.465973129000076],[-72.010595092999893,19.46529198200011],[-72.010115382999913,19.464462541000103],[-72.009377305999976,19.463710064000111],[-72.008761843999935,19.462499297000022],[-72.007695973999944,19.460937932000093],[-72.007213180999941,19.459756340000013],[-72.006142864999958,19.458438680000086],[-72.005600517999937,19.456877022000185],[-72.005078571999888,19.45524340500009],[-72.004341431999933,19.453922220000095],[-72.003806948999852,19.452450856000041],[-72.003653219999933,19.45097685200011],[-72.003448885999887,19.449664475000191],[-72.003081699999882,19.448412585000142],[-72.002595317999976,19.446400383000082],[-72.003222962999928,19.445905230999983],[-72.004011752999986,19.445963398000117],[-72.004036672999916,19.445977611000103],[-72.00443563399989,19.446205163000116],[-72.005085248999933,19.446586042000092],[-72.006286818999968,19.446452364000038],[-72.006607923999979,19.447107700999993],[-72.006802088999962,19.447509935000085],[-72.006818777999911,19.447544508000192],[-72.006943709999859,19.447997949000126],[-72.007321690999959,19.448663159000091],[-72.007989559999885,19.449089460000096],[-72.008770532999847,19.449057222000135],[-72.009321741999884,19.448578838000117],[-72.010372717999985,19.447837833000051],[-72.011104178999915,19.447389492000127],[-72.011546585999952,19.447135040000035],[-72.011627789999977,19.447091181000076],[-72.012054471999932,19.446860727000171],[-72.012065665999899,19.446854682000151],[-72.012843417999932,19.446479303000046],[-72.013477138999974,19.446173752999982],[-72.01457933599994,19.44574955600018],[-72.015529945999901,19.445337695000092],[-72.015663289999964,19.445279922000054],[-72.015758708999954,19.44509445000017],[-72.015870537999945,19.444877082000119],[-72.016113730999905,19.444448474000183],[-72.016185167999936,19.444322572000033],[-72.016568624999877,19.443651767000063],[-72.01695447499992,19.443369291000124],[-72.017434418999926,19.443142426000122],[-72.018083804999947,19.443017722000093],[-72.018876632999877,19.442859180000141],[-72.019431515999884,19.442696813999987],[-72.019742201999918,19.44257138800009],[-72.020054729999913,19.442445219000035],[-72.020583438999893,19.442156056000044],[-72.021264673999951,19.441851256000007],[-72.02185107299988,19.44152684400018],[-72.022323237999956,19.441209578000041],[-72.022899645999871,19.440912166000146],[-72.023294643999975,19.440647786000113],[-72.023894886999983,19.440088920000051],[-72.024342689999969,19.439536487000112],[-72.025051361999829,19.438771711000072],[-72.025593821999962,19.43824799500004],[-72.025990618999913,19.437884352000083],[-72.026348869999879,19.437547244000086],[-72.026776028999961,19.437084723000112],[-72.027349912999853,19.436399049000045],[-72.027613121999934,19.43619633000003],[-72.027774599999987,19.436071962000028],[-72.028160742999944,19.435771321000118],[-72.028586739999866,19.435372046000055],[-72.028944488999969,19.435062001000063],[-72.02907167199993,19.43483827700004],[-72.029386873999897,19.434283815000128],[-72.029633925999917,19.433782322000127],[-72.030322991999981,19.4330442750001],[-72.030839458999935,19.432899201000168],[-72.030879755999877,19.432868690000021],[-72.031341206999969,19.432519301000184],[-72.031465602999958,19.431961550000096],[-72.032026839999844,19.431447141000092],[-72.032578143999956,19.431483240000148],[-72.032863065999948,19.431505944000094],[-72.033290799999975,19.431540027000153],[-72.033918363999931,19.431568342000105],[-72.034533274999944,19.43072075300006],[-72.034724422999943,19.430559029000165],[-72.034910151999952,19.430401890000041],[-72.035456059999888,19.430212243000085],[-72.036009740999873,19.430112980000104],[-72.036847095999974,19.429594040000154],[-72.036362416999907,19.42851176400012],[-72.037077362999923,19.427918615000181],[-72.037480986999924,19.427175872000078],[-72.03762540699995,19.4265552600001],[-72.03728177499994,19.426089234000074],[-72.036307076999947,19.425793511000052],[-72.035018030999879,19.42603420100005],[-72.033977723999953,19.42568314600004],[-72.033717408999905,19.424821247000068],[-72.03343885399994,19.423913920000018],[-72.032745413999976,19.42280123900008],[-72.032091176999927,19.421625925000171],[-72.031511394999825,19.420542177000016],[-72.031200282999919,19.419859963000079],[-72.030026969999938,19.420021281999993],[-72.0287331319999,19.418961944000102],[-72.027411709999967,19.41837158300001],[-72.026893440999913,19.418092226999988],[-72.02686525199988,19.417550122000023],[-72.026152168999943,19.417520386000035],[-72.026062314999876,19.416706404000024],[-72.025350714999888,19.416595458000074],[-72.024808336999968,19.417119185000161],[-72.024115346999906,19.417550181000081],[-72.023547907999955,19.417360269000028],[-72.023683410999979,19.416188948000183],[-72.023629640999957,19.415483868000081],[-72.023299422999912,19.414810358000182],[-72.022824639999953,19.414233851000176],[-72.021478984999987,19.414455564000093],[-72.020730346999983,19.414289748000044],[-72.019731703999923,19.414788008000073],[-72.017173441999944,19.413671640000075],[-72.015869867999982,19.413677292000045],[-72.013798890999965,19.416098795000096],[-72.012469557999907,19.416988704000119],[-72.010675282999955,19.417807763000098],[-72.008924501999957,19.417805995000151],[-72.006738605999942,19.417147088000036],[-72.004234385999951,19.416202924999993],[-72.004110047999973,19.415722418000144],[-72.003795341999933,19.415238769000155],[-72.003374262999841,19.414852646000099],[-72.002766119999876,19.414291945000173],[-72.002013406999936,19.413828138000042],[-72.001580691999948,19.413559153000108],[-72.001147897999942,19.413290258000131],[-72.000497255999903,19.41297254300008],[-72.000133543999937,19.412569311000084],[-71.999611325999979,19.411991970000031],[-71.999163204999945,19.411524161000102],[-71.998869318999937,19.410950501999992],[-71.997831660999964,19.41097847399999],[-71.996620407999956,19.4116535980001],[-71.995184517999974,19.411611785000105],[-71.993800038999836,19.410839551000151],[-71.992125557999941,19.409800759000177],[-71.991163265999887,19.408322295000062],[-71.98996918499995,19.407029614000123],[-71.989160061999883,19.404985066000052],[-71.98815754799989,19.404146927000113],[-71.987170207999895,19.404031266000004],[-71.98604853899991,19.404491101000133],[-71.986130211999921,19.406252817000052],[-71.984848043999989,19.407161350000024],[-71.984834098999954,19.407163991000118],[-71.984103325999968,19.407302416000164],[-71.983886818999906,19.408210587000042],[-71.983468797999876,19.408691206000128],[-71.982781504999934,19.408815170000082],[-71.982247536999921,19.408878500000185],[-71.981720390999897,19.409086442000159],[-71.981039252999949,19.409391013000004],[-71.98051061599989,19.409165607000034],[-71.980313688999956,19.409024983000108],[-71.980031679999968,19.408823603000144],[-71.978989288999969,19.409113221000155],[-71.977562190999947,19.409107520000077],[-71.977001006999956,19.409098176000043],[-71.976401617999841,19.409097221000025],[-71.975821286999974,19.409096580000096],[-71.975292495999895,19.408880094000097],[-71.97483878099996,19.408719099000052],[-71.974126899999987,19.408111458999997],[-71.973791730999892,19.407717684000033],[-71.973158776999924,19.406957832000046],[-71.972828123999932,19.406320441000162],[-71.972250104999887,19.405678835000174],[-71.971374133999973,19.4046892880001],[-71.967999833999954,19.404515555000046],[-71.964885688999914,19.402630994000162],[-71.963207470999976,19.40129397200019],[-71.961724249999918,19.400222028000144],[-71.960402422999891,19.398656195000171],[-71.95908303899995,19.39593495600019],[-71.958100477999949,19.39403173300019],[-71.956924569999899,19.391782302000138],[-71.955872528999976,19.390040457000168],[-71.954020037999896,19.388880961000154],[-71.951474325999982,19.387655760000087],[-71.94909587799998,19.387155457000006],[-71.946495733999882,19.387833905000036],[-71.943688418999955,19.388906125999995],[-71.941176193999922,19.38996512600005],[-71.939187084999901,19.391032990000099],[-71.936144636999984,19.392462223000166],[-71.934639547999893,19.392572214000097],[-71.931843225999955,19.390511921000098],[-71.93141414899992,19.388536801999976],[-71.928635555999961,19.38807460400011],[-71.928829347999908,19.385351616999969],[-71.928748854999924,19.382037260000118],[-71.929343622999909,19.380135851000091],[-71.929538155999865,19.379513951000149],[-71.92882916699989,19.376234193000187],[-71.928649573999962,19.374145867999971],[-71.927879485999938,19.37311282200011],[-71.926618673999883,19.370347202999994],[-71.925742827999898,19.368870034999986],[-71.925433776999967,19.368612013000131],[-71.924432356999887,19.366220988000123],[-71.924092400999939,19.364066778000051],[-71.92366793799988,19.361342367000134],[-71.923601120999876,19.35882264899999],[-71.923320717999957,19.35703957200019],[-71.923044125999979,19.356574517000183],[-71.922554795999986,19.356800988000145],[-71.922303862999911,19.356995300000051],[-71.922068930999956,19.357352426000148],[-71.92220234499996,19.357755867000037],[-71.922203480999883,19.357759303000137],[-71.922369824999976,19.358043524000095],[-71.922497453999938,19.358334582000055],[-71.922452818999886,19.358685902000161],[-71.922031137999909,19.359364867000124],[-71.921680518999949,19.359801262000076],[-71.921354205999933,19.359958195000161],[-71.920980977999989,19.360078232000092],[-71.920217998999988,19.360191761000124],[-71.920170814999892,19.360678415000052],[-71.920287427999881,19.361050514000056],[-71.92035788599992,19.361349539000173],[-71.920466955999984,19.361622232999991],[-71.920537411999874,19.36192134800018],[-71.920692732999953,19.362257911000029],[-71.920947914999886,19.362722879000103],[-71.921179259999974,19.363196016000131],[-71.921361085999877,19.363641420000022],[-71.921516996999912,19.363950917000125],[-71.921539184999972,19.36428531700011],[-71.921238687999903,19.364587179000182],[-71.920839361999981,19.364580420000095],[-71.920488566999893,19.364520329000186],[-71.919386048999911,19.364474585000096],[-71.919059044999926,19.364667601000122],[-71.918720855999936,19.364950770000178],[-71.918554429999915,19.365200657000173],[-71.918379021999897,19.365423405000115],[-71.918363933999899,19.365721072000156],[-71.918320135999977,19.366027187000157],[-71.917800591999935,19.366848884000035],[-71.917379149999931,19.367004285000178],[-71.917083906999949,19.36702635600011],[-71.916616060999957,19.367117703000133],[-71.916341882999916,19.367537329000015],[-71.916163411999889,19.367922477000093],[-71.916061167999942,19.368299891000049],[-71.915961041999935,19.368568950000054],[-71.915946037999959,19.368857591000051],[-71.915826005999975,19.369171528000152],[-71.915705973999877,19.369485465000139],[-71.915494201999934,19.370122751999986],[-71.915036437999902,19.371198280000158],[-71.914430906999883,19.373047555000142],[-71.913330855999902,19.37438293200006],[-71.911224290999883,19.375123501000132],[-71.908429389999981,19.376547366000068],[-71.907440084999962,19.3775596750001],[-71.90545175099993,19.378581959000144],[-71.904595036999922,19.379118085000073],[-71.904037758999891,19.379415449000135],[-71.903546460999848,19.379741099000114],[-71.903150957999969,19.380032281000013],[-71.90263360299997,19.380727513000181],[-71.902809221999973,19.38100135000019],[-71.90281170999998,19.381371511000168],[-71.902466452999988,19.381519054000023],[-71.902068458999963,19.381440071000156],[-71.901958729999933,19.381709043000058],[-71.901706538999917,19.381966472000101],[-71.901348717999895,19.382276339999976],[-71.901219419999961,19.38307754900012],[-71.901011155999925,19.383525343000031],[-71.900806477999879,19.383783671000117],[-71.900582995999969,19.384032561000083],[-71.900314384999945,19.384154332000151],[-71.89993382199998,19.38415695599997],[-71.899680598999907,19.384468513000115],[-71.899530439999978,19.384863145000054],[-71.899474464999969,19.385304510000083],[-71.899298061999957,19.385581368000089],[-71.898938516999976,19.385981451000021],[-71.898617002999913,19.386382182999967],[-71.898196865999978,19.386465262000002],[-71.897837578999827,19.386350828000161],[-71.897249682999927,19.386250541000095],[-71.896920900999987,19.386533729000064],[-71.896665270999904,19.386971682000024],[-71.896581505999904,19.38737646800007],[-71.896574145999978,19.387764510000068],[-71.896511238999949,19.388070378000123],[-71.896461152999962,19.388204898000083],[-71.896391152999968,19.388384294000161],[-71.896204490999878,19.388696982000113],[-71.895856986999888,19.388961887000107],[-71.895263605999901,19.389150301000029],[-71.89490243299997,19.389135104000104],[-71.894534089999979,19.388993433000053],[-71.893492574999925,19.388235396000084],[-71.893038590999936,19.388101284000015],[-71.892592303999947,19.388057552000134],[-71.892296509999937,19.388106643000015],[-71.891961919999858,19.388191171000074],[-71.891663895999955,19.388357638999992],[-71.891207263999945,19.388358851000135],[-71.890883097999961,19.388398430000109],[-71.890455866999957,19.388355020000063],[-71.889706280999917,19.388251850000074],[-71.889261103999957,19.388153978000105],[-71.888879335999889,19.388219642000024],[-71.887575036999976,19.38877508600018],[-71.88672405799997,19.389004182000122],[-71.886229435999837,19.389501286000041],[-71.886073110999973,19.389491068999973],[-71.885478897999974,19.389452232000053],[-71.885139227999957,19.389807498000152],[-71.885116513999947,19.38983197400006],[-71.884702202999961,19.39027841900014],[-71.88418147099992,19.391145092000158],[-71.884068038999885,19.392109089000087],[-71.88060457499995,19.392148928000097],[-71.878632380999989,19.392810154000074],[-71.876866383999982,19.393628325000179],[-71.874319284999899,19.394505237000089],[-71.877059797999891,19.396953452000048],[-71.878393998999968,19.398321460000091],[-71.881241982999825,19.400130612000055],[-71.884530769999969,19.402272278000169],[-71.885045835999961,19.40519671900006],[-71.88394489399991,19.408553883000025],[-71.882464287999881,19.411362928000187],[-71.880794473999913,19.413608976000035],[-71.88012804899995,19.415628581000078],[-71.877877401999967,19.416402300000073],[-71.877320817999987,19.417647456000054],[-71.877207992999899,19.418575260000068],[-71.878421848999892,19.420275140000058],[-71.879985926999893,19.422071285000072],[-71.880377717999977,19.423477155000057],[-71.879728559999933,19.424088891000054],[-71.879609968999944,19.425314510000078],[-71.880857958999911,19.426726081000083],[-71.881157285999905,19.427994988000023],[-71.880658139999923,19.430712471000049],[-71.879960738999955,19.432848856000192],[-71.878807594999842,19.43443580600001],[-71.877551940999865,19.435912684000186],[-71.876343910999935,19.436388336000107],[-71.875872188999949,19.434683170000085],[-71.87549484099992,19.4325282960001],[-71.87525231199993,19.431278412999973],[-71.874445725999976,19.430172235000157],[-71.873346137999931,19.42896172900015],[-71.872325912999827,19.42807757200012],[-71.871009907999905,19.427242549000027],[-71.869358697999985,19.427015422000125],[-71.866831379999951,19.426827389000152],[-71.87320438699993,19.436361299999987],[-71.874591967999891,19.439923693000139],[-71.874333763999971,19.442473821000135],[-71.874712749999958,19.444051043000059],[-71.881181342999867,19.45262059900017],[-71.886892473999978,19.457033635000073],[-71.890767135999965,19.460449069000049],[-71.893844558999945,19.462262190000047],[-71.896423711999887,19.460762766000187],[-71.897783745999902,19.460307647999969],[-71.899236876999964,19.459962413000085],[-71.900257603999933,19.459835482000187],[-71.901297144999887,19.459717802000057],[-71.902628573999948,19.459767648000081],[-71.903994795999893,19.459989645000064],[-71.905305967999936,19.46010230100012],[-71.906637327999988,19.460152117000177],[-71.90774954799997,19.459719762000191],[-71.909201477999943,19.458932103000109],[-71.910119938999969,19.458677019000163],[-71.912141465999923,19.459975183000097],[-71.913725756999895,19.461247920000176],[-71.915847903999975,19.462764548000052],[-71.918186340999966,19.464420214000086],[-71.921614992999935,19.46680746800007],[-71.924273480999886,19.46916362800016],[-71.927656445999958,19.470954259999985],[-71.930138779999822,19.472567022000021],[-71.932018928999867,19.474314048000167],[-71.934884595999904,19.476294443000143],[-71.936718140999915,19.477995514000099],[-71.93786760099988,19.479630756000063],[-71.939892240999825,19.481804440000133],[-71.941474936999953,19.483690854000088],[-71.943262869999899,19.485797334000097],[-71.944971078999856,19.487595503000136],[-71.946165355999881,19.489384986000118],[-71.947657241999877,19.491044106000118],[-71.948755939999842,19.492353534000074],[-71.949806424999963,19.493698244000143],[-71.950832680999895,19.494807883000021],[-71.952196294999908,19.495697479000114],[-71.953311964999955,19.496104366000111],[-71.95506695499995,19.496937358000082],[-71.956908838999937,19.497708619000036],[-71.958393107999882,19.498257150000029],[-71.959730208999872,19.498532435000186],[-71.960340258999963,19.498488537000128],[-71.960373894999918,19.498498429000051],[-71.962716631999967,19.499187407000022],[-71.964399067999977,19.49932405200002],[-71.966248579999899,19.500709174000065],[-71.9671878179999,19.503433102000031],[-71.967509911999969,19.504539879000049],[-71.967778918999954,19.505429064000168],[-71.969071530999884,19.507581195000171],[-71.969515402999946,19.508283687000187],[-71.971632672999874,19.509104564000154],[-71.974771701999884,19.51078207200004],[-71.976718473999938,19.511554915000147],[-71.980327934999877,19.514052593000031],[-71.982651590999978,19.515553899000054],[-71.984562104999952,19.516750353000134],[-71.988545392999981,19.517069493000065],[-71.989540834999957,19.519351949000111],[-71.993853021999939,19.520425855000099],[-71.996530820999908,19.522357102000115],[-72.000011184999948,19.523624633000111],[-72.002879865999944,19.523988236000093],[-72.005689996999934,19.523917410000081],[-72.007902901999898,19.524215910000123]]]},"properties":{"FID":5,"adm2_name":"Vallieres","adm2_name1":"Vallières","adm2_name2":" ","adm2_name3":" ","adm2_pcode":"HT0441","adm1_name":"North-East","adm1_name1":"Nord-Est","adm1_name2":"Nòdès","adm1_name3":" ","adm1_pcode":"HT04","adm0_name":"Haiti","adm0_name1":"Haïti","adm0_name2":"Ayiti","adm0_name3":" ","adm0_pcode":"HT","valid_on":1543449600000,"valid_to":null,"area_sqkm":155.74556480000001,"version":"v01","lang":"en","lang1":"fr","lang2":"ht","lang3":" ","adm2_ref_n":"Vallières","center_lat":19.441060870000001,"center_lon":-71.948544130000002}}]}